"DateTime","Positive reviews","Negative reviews"
"2015-05-13 00:00:00",,
"2015-05-14 00:00:00",105,-12
"2015-05-15 00:00:00",387,-43
"2015-05-16 00:00:00",447,-40
"2015-05-17 00:00:00",482,-46
"2015-05-18 00:00:00",517,-42
"2015-05-19 00:00:00",393,-30
"2015-05-20 00:00:00",407,-42
"2015-05-21 00:00:00",382,-20
"2015-05-22 00:00:00",386,-41
"2015-05-23 00:00:00",399,-39
"2015-05-24 00:00:00",440,-49
"2015-05-25 00:00:00",505,-54
"2015-05-26 00:00:00",404,-28
"2015-05-27 00:00:00",402,-31
"2015-05-28 00:00:00",371,-41
"2015-05-29 00:00:00",427,-58
"2015-05-30 00:00:00",480,-49
"2015-05-31 00:00:00",502,-50
"2015-06-01 00:00:00",,
"2015-06-02 00:00:00",917,-86
"2015-06-03 00:00:00",450,-41
"2015-06-04 00:00:00",489,-41
"2015-06-05 00:00:00",437,-46
"2015-06-06 00:00:00",544,-39
"2015-06-07 00:00:00",478,-58
"2015-06-08 00:00:00",452,-48
"2015-06-09 00:00:00",473,-50
"2015-06-10 00:00:00",452,-51
"2015-06-11 00:00:00",444,-33
"2015-06-12 00:00:00",456,-37
"2015-06-13 00:00:00",643,-57
"2015-06-14 00:00:00",778,-58
"2015-06-15 00:00:00",726,-65
"2015-06-16 00:00:00",650,-54
"2015-06-17 00:00:00",544,-79
"2015-06-18 00:00:00",714,-64
"2015-06-19 00:00:00",883,-83
"2015-06-20 00:00:00",683,-102
"2015-06-21 00:00:00",645,-76
"2015-06-22 00:00:00",558,-53
"2015-06-23 00:00:00",550,-51
"2015-06-24 00:00:00",533,-52
"2015-06-25 00:00:00",500,-44
"2015-06-26 00:00:00",505,-52
"2015-06-27 00:00:00",462,-52
"2015-06-28 00:00:00",399,-45
"2015-06-29 00:00:00",453,-47
"2015-06-30 00:00:00",401,-63
"2015-07-01 00:00:00",404,-42
"2015-07-02 00:00:00",442,-51
"2015-07-03 00:00:00",374,-60
"2015-07-04 00:00:00",412,-24
"2015-07-05 00:00:00",330,-38
"2015-07-06 00:00:00",358,-46
"2015-07-07 00:00:00",354,-44
"2015-07-08 00:00:00",352,-63
"2015-07-09 00:00:00",351,-36
"2015-07-10 00:00:00",363,-38
"2015-07-11 00:00:00",356,-57
"2015-07-12 00:00:00",391,-53
"2015-07-13 00:00:00",373,-27
"2015-07-14 00:00:00",409,-37
"2015-07-15 00:00:00",360,-56
"2015-07-16 00:00:00",375,-56
"2015-07-17 00:00:00",324,-55
"2015-07-18 00:00:00",332,-46
"2015-07-19 00:00:00",394,-53
"2015-07-20 00:00:00",342,-41
"2015-07-21 00:00:00",380,-51
"2015-07-22 00:00:00",494,-52
"2015-07-23 00:00:00",358,-48
"2015-07-24 00:00:00",335,-42
"2015-07-25 00:00:00",416,-54
"2015-07-26 00:00:00",371,-53
"2015-07-27 00:00:00",305,-37
"2015-07-28 00:00:00",317,-34
"2015-07-29 00:00:00",363,-44
"2015-07-30 00:00:00",406,-40
"2015-07-31 00:00:00",305,-52
"2015-08-01 00:00:00",413,-20
"2015-08-02 00:00:00",441,-45
"2015-08-03 00:00:00",385,-46
"2015-08-04 00:00:00",401,-52
"2015-08-05 00:00:00",418,-48
"2015-08-06 00:00:00",369,-55
"2015-08-07 00:00:00",350,-43
"2015-08-08 00:00:00",358,-50
"2015-08-09 00:00:00",357,-41
"2015-08-10 00:00:00",357,-35
"2015-08-11 00:00:00",373,-44
"2015-08-12 00:00:00",429,-53
"2015-08-13 00:00:00",392,-38
"2015-08-14 00:00:00",405,-30
"2015-08-15 00:00:00",394,-39
"2015-08-16 00:00:00",424,-57
"2015-08-17 00:00:00",375,-36
"2015-08-18 00:00:00",385,-37
"2015-08-19 00:00:00",427,-37
"2015-08-20 00:00:00",454,-42
"2015-08-21 00:00:00",368,-54
"2015-08-22 00:00:00",422,-57
"2015-08-23 00:00:00",395,-58
"2015-08-24 00:00:00",451,-61
"2015-08-25 00:00:00",386,-31
"2015-08-26 00:00:00",380,-53
"2015-08-27 00:00:00",395,-39
"2015-08-28 00:00:00",381,-29
"2015-08-29 00:00:00",350,-57
"2015-08-30 00:00:00",347,-52
"2015-08-31 00:00:00",370,-51
"2015-09-01 00:00:00",316,-26
"2015-09-02 00:00:00",303,-28
"2015-09-03 00:00:00",547,-68
"2015-09-04 00:00:00",381,-59
"2015-09-05 00:00:00",385,-46
"2015-09-06 00:00:00",430,-80
"2015-09-07 00:00:00",391,-45
"2015-09-08 00:00:00",318,-45
"2015-09-09 00:00:00",328,-17
"2015-09-10 00:00:00",425,-162
"2015-09-11 00:00:00",418,-398
"2015-09-12 00:00:00",418,-307
"2015-09-13 00:00:00",408,-291
"2015-09-14 00:00:00",342,-196
"2015-09-15 00:00:00",311,-109
"2015-09-16 00:00:00",308,-96
"2015-09-17 00:00:00",361,-112
"2015-09-18 00:00:00",332,-106
"2015-09-19 00:00:00",305,-99
"2015-09-20 00:00:00",345,-222
"2015-09-21 00:00:00",354,-369
"2015-09-22 00:00:00",273,-103
"2015-09-23 00:00:00",295,-73
"2015-09-24 00:00:00",247,-91
"2015-09-25 00:00:00",228,-83
"2015-09-26 00:00:00",337,-97
"2015-09-27 00:00:00",335,-92
"2015-09-28 00:00:00",313,-67
"2015-09-29 00:00:00",242,-53
"2015-09-30 00:00:00",244,-48
"2015-10-01 00:00:00",245,-41
"2015-10-02 00:00:00",230,-74
"2015-10-03 00:00:00",274,-97
"2015-10-04 00:00:00",487,-108
"2015-10-05 00:00:00",377,-102
"2015-10-06 00:00:00",358,-102
"2015-10-07 00:00:00",303,-88
"2015-10-08 00:00:00",272,-67
"2015-10-09 00:00:00",319,-50
"2015-10-10 00:00:00",340,-96
"2015-10-11 00:00:00",326,-79
"2015-10-12 00:00:00",304,-58
"2015-10-13 00:00:00",235,-40
"2015-10-14 00:00:00",252,-45
"2015-10-15 00:00:00",258,-40
"2015-10-16 00:00:00",247,-66
"2015-10-17 00:00:00",328,-68
"2015-10-18 00:00:00",282,-99
"2015-10-19 00:00:00",308,-76
"2015-10-20 00:00:00",230,-26
"2015-10-21 00:00:00",300,-40
"2015-10-22 00:00:00",283,-50
"2015-10-23 00:00:00",248,-51
"2015-10-24 00:00:00",309,-63
"2015-10-25 00:00:00",396,-51
"2015-10-26 00:00:00",314,-70
"2015-10-27 00:00:00",303,-75
"2015-10-28 00:00:00",289,-46
"2015-10-29 00:00:00",242,-59
"2015-10-30 00:00:00",317,-85
"2015-10-31 00:00:00",595,-109
"2015-11-01 00:00:00",530,-95
"2015-11-02 00:00:00",379,-78
"2015-11-03 00:00:00",388,-50
"2015-11-04 00:00:00",386,-81
"2015-11-05 00:00:00",345,-59
"2015-11-06 00:00:00",347,-80
"2015-11-07 00:00:00",370,-73
"2015-11-08 00:00:00",373,-94
"2015-11-09 00:00:00",308,-53
"2015-11-10 00:00:00",320,-41
"2015-11-11 00:00:00",297,-26
"2015-11-12 00:00:00",359,-61
"2015-11-13 00:00:00",309,-32
"2015-11-14 00:00:00",398,-53
"2015-11-15 00:00:00",351,-75
"2015-11-16 00:00:00",412,-62
"2015-11-17 00:00:00",300,-55
"2015-11-18 00:00:00",284,-64
"2015-11-19 00:00:00",333,-49
"2015-11-20 00:00:00",326,-45
"2015-11-21 00:00:00",306,-41
"2015-11-22 00:00:00",336,-58
"2015-11-23 00:00:00",356,-71
"2015-11-24 00:00:00",315,-56
"2015-11-25 00:00:00",319,-45
"2015-11-26 00:00:00",323,-38
"2015-11-27 00:00:00",347,-47
"2015-11-28 00:00:00",357,-45
"2015-11-29 00:00:00",406,-65
"2015-11-30 00:00:00",376,-46
"2015-12-01 00:00:00",388,-38
"2015-12-02 00:00:00",377,-33
"2015-12-03 00:00:00",404,-48
"2015-12-04 00:00:00",335,-42
"2015-12-05 00:00:00",343,-38
"2015-12-06 00:00:00",392,-66
"2015-12-07 00:00:00",443,-58
"2015-12-08 00:00:00",335,-47
"2015-12-09 00:00:00",326,-50
"2015-12-10 00:00:00",363,-34
"2015-12-11 00:00:00",300,-44
"2015-12-12 00:00:00",386,-70
"2015-12-13 00:00:00",374,-64
"2015-12-14 00:00:00",393,-63
"2015-12-15 00:00:00",311,-53
"2015-12-16 00:00:00",351,-56
"2015-12-17 00:00:00",424,-46
"2015-12-18 00:00:00",443,-69
"2015-12-19 00:00:00",363,-83
"2015-12-20 00:00:00",349,-77
"2015-12-21 00:00:00",387,-50
"2015-12-22 00:00:00",342,-53
"2015-12-23 00:00:00",541,-78
"2015-12-24 00:00:00",877,-104
"2015-12-25 00:00:00",697,-77
"2015-12-26 00:00:00",432,-57
"2015-12-27 00:00:00",599,-69
"2015-12-28 00:00:00",634,-90
"2015-12-29 00:00:00",592,-105
"2015-12-30 00:00:00",609,-97
"2015-12-31 00:00:00",577,-76
"2016-01-01 00:00:00",,
"2016-01-02 00:00:00",1112,-167
"2016-01-03 00:00:00",752,-93
"2016-01-04 00:00:00",695,-103
"2016-01-05 00:00:00",605,-82
"2016-01-06 00:00:00",543,-96
"2016-01-07 00:00:00",511,-87
"2016-01-08 00:00:00",498,-67
"2016-01-09 00:00:00",473,-59
"2016-01-10 00:00:00",466,-80
"2016-01-11 00:00:00",520,-70
"2016-01-12 00:00:00",450,-70
"2016-01-13 00:00:00",424,-51
"2016-01-14 00:00:00",395,-63
"2016-01-15 00:00:00",377,-54
"2016-01-16 00:00:00",446,-56
"2016-01-17 00:00:00",431,-51
"2016-01-18 00:00:00",372,-47
"2016-01-19 00:00:00",410,-58
"2016-01-20 00:00:00",366,-62
"2016-01-21 00:00:00",398,-57
"2016-01-22 00:00:00",417,-50
"2016-01-23 00:00:00",416,-67
"2016-01-24 00:00:00",537,-90
"2016-01-25 00:00:00",456,-66
"2016-01-26 00:00:00",396,-77
"2016-01-27 00:00:00",390,-51
"2016-01-28 00:00:00",491,-93
"2016-01-29 00:00:00",591,-99
"2016-01-30 00:00:00",520,-60
"2016-01-31 00:00:00",590,-74
"2016-02-01 00:00:00",491,-86
"2016-02-02 00:00:00",442,-57
"2016-02-03 00:00:00",430,-57
"2016-02-04 00:00:00",472,-57
"2016-02-05 00:00:00",466,-61
"2016-02-06 00:00:00",468,-38
"2016-02-07 00:00:00",441,-73
"2016-02-08 00:00:00",470,-78
"2016-02-09 00:00:00",435,-38
"2016-02-10 00:00:00",412,-53
"2016-02-11 00:00:00",455,-68
"2016-02-12 00:00:00",428,-62
"2016-02-13 00:00:00",500,-82
"2016-02-14 00:00:00",597,-59
"2016-02-15 00:00:00",431,-58
"2016-02-16 00:00:00",397,-47
"2016-02-17 00:00:00",373,-54
"2016-02-18 00:00:00",406,-45
"2016-02-19 00:00:00",497,-80
"2016-02-20 00:00:00",413,-52
"2016-02-21 00:00:00",511,-54
"2016-02-22 00:00:00",475,-76
"2016-02-23 00:00:00",453,-64
"2016-02-24 00:00:00",456,-60
"2016-02-25 00:00:00",449,-76
"2016-02-26 00:00:00",393,-34
"2016-02-27 00:00:00",432,-53
"2016-02-28 00:00:00",481,-64
"2016-02-29 00:00:00",485,-66
"2016-03-01 00:00:00",450,-43
"2016-03-02 00:00:00",423,-58
"2016-03-03 00:00:00",409,-56
"2016-03-04 00:00:00",377,-54
"2016-03-05 00:00:00",397,-50
"2016-03-06 00:00:00",425,-91
"2016-03-07 00:00:00",433,-51
"2016-03-08 00:00:00",476,-55
"2016-03-09 00:00:00",432,-48
"2016-03-10 00:00:00",423,-53
"2016-03-11 00:00:00",412,-50
"2016-03-12 00:00:00",357,-50
"2016-03-13 00:00:00",416,-79
"2016-03-14 00:00:00",415,-71
"2016-03-15 00:00:00",382,-50
"2016-03-16 00:00:00",401,-48
"2016-03-17 00:00:00",364,-43
"2016-03-18 00:00:00",368,-41
"2016-03-19 00:00:00",368,-74
"2016-03-20 00:00:00",392,-74
"2016-03-21 00:00:00",392,-57
"2016-03-22 00:00:00",379,-41
"2016-03-23 00:00:00",349,-43
"2016-03-24 00:00:00",968,-67
"2016-03-25 00:00:00",410,-46
"2016-03-26 00:00:00",503,-79
"2016-03-27 00:00:00",405,-78
"2016-03-28 00:00:00",442,-77
"2016-03-29 00:00:00",384,-55
"2016-03-30 00:00:00",423,-57
"2016-03-31 00:00:00",458,-43
"2016-04-01 00:00:00",365,-61
"2016-04-02 00:00:00",384,-41
"2016-04-03 00:00:00",399,-68
"2016-04-04 00:00:00",382,-85
"2016-04-05 00:00:00",329,-47
"2016-04-06 00:00:00",373,-45
"2016-04-07 00:00:00",350,-59
"2016-04-08 00:00:00",324,-54
"2016-04-09 00:00:00",339,-45
"2016-04-10 00:00:00",380,-72
"2016-04-11 00:00:00",403,-56
"2016-04-12 00:00:00",362,-38
"2016-04-13 00:00:00",355,-63
"2016-04-14 00:00:00",346,-42
"2016-04-15 00:00:00",184,-38
"2016-04-16 00:00:00",335,-60
"2016-04-17 00:00:00",365,-77
"2016-04-18 00:00:00",347,-83
"2016-04-19 00:00:00",297,-38
"2016-04-20 00:00:00",312,-46
"2016-04-21 00:00:00",330,-58
"2016-04-22 00:00:00",332,-46
"2016-04-23 00:00:00",291,-54
"2016-04-24 00:00:00",378,-62
"2016-04-25 00:00:00",364,-32
"2016-04-26 00:00:00",313,-57
"2016-04-27 00:00:00",411,-79
"2016-04-28 00:00:00",386,-58
"2016-04-29 00:00:00",363,-51
"2016-04-30 00:00:00",323,-65
"2016-05-01 00:00:00",367,-61
"2016-05-02 00:00:00",295,-63
"2016-05-03 00:00:00",338,-66
"2016-05-04 00:00:00",354,-52
"2016-05-05 00:00:00",321,-50
"2016-05-06 00:00:00",328,-63
"2016-05-07 00:00:00",278,-35
"2016-05-08 00:00:00",350,-54
"2016-05-09 00:00:00",369,-55
"2016-05-10 00:00:00",330,-50
"2016-05-11 00:00:00",335,-57
"2016-05-12 00:00:00",277,-42
"2016-05-13 00:00:00",312,-43
"2016-05-14 00:00:00",309,-53
"2016-05-15 00:00:00",325,-52
"2016-05-16 00:00:00",318,-56
"2016-05-17 00:00:00",302,-34
"2016-05-18 00:00:00",516,-51
"2016-05-19 00:00:00",472,-54
"2016-05-20 00:00:00",414,-44
"2016-05-21 00:00:00",438,-80
"2016-05-22 00:00:00",426,-78
"2016-05-23 00:00:00",451,-61
"2016-05-24 00:00:00",372,-51
"2016-05-25 00:00:00",370,-49
"2016-05-26 00:00:00",380,-51
"2016-05-27 00:00:00",393,-59
"2016-05-28 00:00:00",413,-43
"2016-05-29 00:00:00",339,-90
"2016-05-30 00:00:00",387,-67
"2016-05-31 00:00:00",400,-69
"2016-06-01 00:00:00",387,-54
"2016-06-02 00:00:00",370,-51
"2016-06-03 00:00:00",333,-84
"2016-06-04 00:00:00",403,-51
"2016-06-05 00:00:00",389,-76
"2016-06-06 00:00:00",437,-60
"2016-06-07 00:00:00",373,-64
"2016-06-08 00:00:00",363,-57
"2016-06-09 00:00:00",378,-71
"2016-06-10 00:00:00",374,-65
"2016-06-11 00:00:00",372,-67
"2016-06-12 00:00:00",356,-36
"2016-06-13 00:00:00",313,-63
"2016-06-14 00:00:00",318,-63
"2016-06-15 00:00:00",364,-70
"2016-06-16 00:00:00",371,-63
"2016-06-17 00:00:00",342,-69
"2016-06-18 00:00:00",337,-43
"2016-06-19 00:00:00",382,-56
"2016-06-20 00:00:00",335,-45
"2016-06-21 00:00:00",357,-53
"2016-06-22 00:00:00",388,-51
"2016-06-23 00:00:00",425,-61
"2016-06-24 00:00:00",430,-45
"2016-06-25 00:00:00",892,-88
"2016-06-26 00:00:00",638,-69
"2016-06-27 00:00:00",657,-80
"2016-06-28 00:00:00",460,-85
"2016-06-29 00:00:00",577,-70
"2016-06-30 00:00:00",514,-67
"2016-07-01 00:00:00",508,-81
"2016-07-02 00:00:00",523,-58
"2016-07-03 00:00:00",561,-66
"2016-07-04 00:00:00",525,-84
"2016-07-05 00:00:00",525,-66
"2016-07-06 00:00:00",473,-47
"2016-07-07 00:00:00",367,-53
"2016-07-08 00:00:00",395,-54
"2016-07-09 00:00:00",409,-43
"2016-07-10 00:00:00",348,-59
"2016-07-11 00:00:00",389,-55
"2016-07-12 00:00:00",343,-58
"2016-07-13 00:00:00",403,-38
"2016-07-14 00:00:00",339,-59
"2016-07-15 00:00:00",368,-44
"2016-07-16 00:00:00",353,-49
"2016-07-17 00:00:00",374,-32
"2016-07-18 00:00:00",353,-59
"2016-07-19 00:00:00",290,-56
"2016-07-20 00:00:00",336,-64
"2016-07-21 00:00:00",322,-53
"2016-07-22 00:00:00",287,-37
"2016-07-23 00:00:00",316,-47
"2016-07-24 00:00:00",331,-61
"2016-07-25 00:00:00",260,-41
"2016-07-26 00:00:00",328,-47
"2016-07-27 00:00:00",326,-52
"2016-07-28 00:00:00",360,-54
"2016-07-29 00:00:00",362,-80
"2016-07-30 00:00:00",337,-52
"2016-07-31 00:00:00",348,-52
"2016-08-01 00:00:00",330,-89
"2016-08-02 00:00:00",292,-48
"2016-08-03 00:00:00",286,-43
"2016-08-04 00:00:00",308,-56
"2016-08-05 00:00:00",281,-52
"2016-08-06 00:00:00",264,-38
"2016-08-07 00:00:00",319,-32
"2016-08-08 00:00:00",276,-75
"2016-08-09 00:00:00",253,-39
"2016-08-10 00:00:00",262,-61
"2016-08-11 00:00:00",258,-39
"2016-08-12 00:00:00",329,-49
"2016-08-13 00:00:00",353,-66
"2016-08-14 00:00:00",334,-60
"2016-08-15 00:00:00",318,-40
"2016-08-16 00:00:00",314,-64
"2016-08-17 00:00:00",320,-38
"2016-08-18 00:00:00",301,-74
"2016-08-19 00:00:00",271,-37
"2016-08-20 00:00:00",347,-48
"2016-08-21 00:00:00",286,-29
"2016-08-22 00:00:00",322,-48
"2016-08-23 00:00:00",301,-39
"2016-08-24 00:00:00",379,-46
"2016-08-25 00:00:00",320,-47
"2016-08-26 00:00:00",384,-50
"2016-08-27 00:00:00",339,-43
"2016-08-28 00:00:00",311,-58
"2016-08-29 00:00:00",323,-46
"2016-08-30 00:00:00",289,-52
"2016-08-31 00:00:00",328,-65
"2016-09-01 00:00:00",345,-48
"2016-09-02 00:00:00",348,-52
"2016-09-03 00:00:00",322,-36
"2016-09-04 00:00:00",353,-73
"2016-09-05 00:00:00",368,-66
"2016-09-06 00:00:00",299,-30
"2016-09-07 00:00:00",275,-53
"2016-09-08 00:00:00",308,-56
"2016-09-09 00:00:00",267,-28
"2016-09-10 00:00:00",286,-29
"2016-09-11 00:00:00",284,-61
"2016-09-12 00:00:00",336,-47
"2016-09-13 00:00:00",305,-34
"2016-09-14 00:00:00",250,-48
"2016-09-15 00:00:00",,
"2016-09-16 00:00:00",285,-39
"2016-09-17 00:00:00",280,-50
"2016-09-18 00:00:00",303,-28
"2016-09-19 00:00:00",338,-31
"2016-09-20 00:00:00",257,-33
"2016-09-21 00:00:00",291,-42
"2016-09-22 00:00:00",220,-41
"2016-09-23 00:00:00",264,-24
"2016-09-24 00:00:00",276,-33
"2016-09-25 00:00:00",287,-62
"2016-09-26 00:00:00",305,-64
"2016-09-27 00:00:00",255,-47
"2016-09-28 00:00:00",241,-29
"2016-09-29 00:00:00",232,-30
"2016-09-30 00:00:00",262,-59
"2016-10-01 00:00:00",239,-45
"2016-10-02 00:00:00",308,-40
"2016-10-03 00:00:00",299,-59
"2016-10-04 00:00:00",294,-39
"2016-10-05 00:00:00",233,-46
"2016-10-06 00:00:00",279,-39
"2016-10-07 00:00:00",410,-73
"2016-10-08 00:00:00",382,-42
"2016-10-09 00:00:00",364,-56
"2016-10-10 00:00:00",331,-58
"2016-10-11 00:00:00",319,-37
"2016-10-12 00:00:00",334,-42
"2016-10-13 00:00:00",307,-70
"2016-10-14 00:00:00",311,-70
"2016-10-15 00:00:00",303,-64
"2016-10-16 00:00:00",351,-55
"2016-10-17 00:00:00",364,-62
"2016-10-18 00:00:00",268,-28
"2016-10-19 00:00:00",280,-47
"2016-10-20 00:00:00",244,-51
"2016-10-21 00:00:00",283,-54
"2016-10-22 00:00:00",261,-46
"2016-10-23 00:00:00",290,-52
"2016-10-24 00:00:00",306,-59
"2016-10-25 00:00:00",275,-53
"2016-10-26 00:00:00",287,-38
"2016-10-27 00:00:00",302,-37
"2016-10-28 00:00:00",263,-46
"2016-10-29 00:00:00",274,-51
"2016-10-30 00:00:00",399,-56
"2016-10-31 00:00:00",302,-47
"2016-11-01 00:00:00",306,-68
"2016-11-02 00:00:00",323,-41
"2016-11-03 00:00:00",283,-75
"2016-11-04 00:00:00",290,-65
"2016-11-05 00:00:00",356,-68
"2016-11-06 00:00:00",329,-48
"2016-11-07 00:00:00",324,-57
"2016-11-08 00:00:00",268,-43
"2016-11-09 00:00:00",291,-52
"2016-11-10 00:00:00",299,-45
"2016-11-11 00:00:00",352,-50
"2016-11-12 00:00:00",325,-47
"2016-11-13 00:00:00",302,-59
"2016-11-14 00:00:00",315,-58
"2016-11-15 00:00:00",263,-32
"2016-11-16 00:00:00",273,-46
"2016-11-17 00:00:00",290,-30
"2016-11-18 00:00:00",241,-43
"2016-11-19 00:00:00",314,-38
"2016-11-20 00:00:00",304,-57
"2016-11-21 00:00:00",313,-32
"2016-11-22 00:00:00",285,-37
"2016-11-23 00:00:00",303,-40
"2016-11-24 00:00:00",5114,-434
"2016-11-25 00:00:00",12670,-1060
"2016-11-26 00:00:00",6970,-539
"2016-11-27 00:00:00",5638,-452
"2016-11-28 00:00:00",4103,-331
"2016-11-29 00:00:00",3222,-224
"2016-11-30 00:00:00",2332,-204
"2016-12-01 00:00:00",340,-68
"2016-12-02 00:00:00",338,-43
"2016-12-03 00:00:00",308,-48
"2016-12-04 00:00:00",348,-58
"2016-12-05 00:00:00",324,-46
"2016-12-06 00:00:00",296,-53
"2016-12-07 00:00:00",270,-22
"2016-12-08 00:00:00",263,-27
"2016-12-09 00:00:00",256,-46
"2016-12-10 00:00:00",291,-44
"2016-12-11 00:00:00",247,-44
"2016-12-12 00:00:00",342,-128
"2016-12-13 00:00:00",548,-192
"2016-12-14 00:00:00",258,-1304
"2016-12-15 00:00:00",343,-715
"2016-12-16 00:00:00",232,-473
"2016-12-17 00:00:00",250,-338
"2016-12-18 00:00:00",257,-318
"2016-12-19 00:00:00",260,-218
"2016-12-20 00:00:00",289,-150
"2016-12-21 00:00:00",345,-307
"2016-12-22 00:00:00",519,-519
"2016-12-23 00:00:00",385,-132
"2016-12-24 00:00:00",635,-140
"2016-12-25 00:00:00",672,-135
"2016-12-26 00:00:00",535,-119
"2016-12-27 00:00:00",569,-133
"2016-12-28 00:00:00",539,-111
"2016-12-29 00:00:00",562,-136
"2016-12-30 00:00:00",490,-95
"2016-12-31 00:00:00",463,-121
"2017-01-01 00:00:00",,
"2017-01-02 00:00:00",1049,-210
"2017-01-03 00:00:00",419,-126
"2017-01-04 00:00:00",353,-129
"2017-01-05 00:00:00",415,-140
"2017-01-06 00:00:00",292,-113
"2017-01-07 00:00:00",321,-103
"2017-01-08 00:00:00",322,-92
"2017-01-09 00:00:00",290,-85
"2017-01-10 00:00:00",288,-79
"2017-01-11 00:00:00",321,-72
"2017-01-12 00:00:00",250,-73
"2017-01-13 00:00:00",296,-105
"2017-01-14 00:00:00",300,-77
"2017-01-15 00:00:00",323,-59
"2017-01-16 00:00:00",346,-97
"2017-01-17 00:00:00",253,-58
"2017-01-18 00:00:00",254,-59
"2017-01-19 00:00:00",314,-71
"2017-01-20 00:00:00",240,-51
"2017-01-21 00:00:00",279,-58
"2017-01-22 00:00:00",304,-73
"2017-01-23 00:00:00",291,-44
"2017-01-24 00:00:00",306,-54
"2017-01-25 00:00:00",217,-54
"2017-01-26 00:00:00",245,-52
"2017-01-27 00:00:00",278,-28
"2017-01-28 00:00:00",438,-74
"2017-01-29 00:00:00",384,-78
"2017-01-30 00:00:00",385,-70
"2017-01-31 00:00:00",341,-61
"2017-02-01 00:00:00",194,
"2017-02-02 00:00:00",281,-61
"2017-02-03 00:00:00",377,-46
"2017-02-04 00:00:00",377,-44
"2017-02-05 00:00:00",381,-69
"2017-02-06 00:00:00",342,-75
"2017-02-07 00:00:00",304,-55
"2017-02-08 00:00:00",296,-31
"2017-02-09 00:00:00",328,-52
"2017-02-10 00:00:00",342,-49
"2017-02-11 00:00:00",289,-69
"2017-02-12 00:00:00",339,-64
"2017-02-13 00:00:00",302,-62
"2017-02-14 00:00:00",240,-47
"2017-02-15 00:00:00",273,-46
"2017-02-16 00:00:00",352,-55
"2017-02-17 00:00:00",276,-59
"2017-02-18 00:00:00",365,-40
"2017-02-19 00:00:00",411,-55
"2017-02-20 00:00:00",313,-54
"2017-02-21 00:00:00",284,-66
"2017-02-22 00:00:00",237,-60
"2017-02-23 00:00:00",329,-66
"2017-02-24 00:00:00",294,-47
"2017-02-25 00:00:00",293,-50
"2017-02-26 00:00:00",267,-81
"2017-02-27 00:00:00",369,-71
"2017-02-28 00:00:00",294,-54
"2017-03-01 00:00:00",261,-65
"2017-03-02 00:00:00",307,-18
"2017-03-03 00:00:00",232,-58
"2017-03-04 00:00:00",280,-39
"2017-03-05 00:00:00",366,-68
"2017-03-06 00:00:00",287,-83
"2017-03-07 00:00:00",265,-74
"2017-03-08 00:00:00",274,-57
"2017-03-09 00:00:00",252,-75
"2017-03-10 00:00:00",259,-41
"2017-03-11 00:00:00",260,-65
"2017-03-12 00:00:00",352,-62
"2017-03-13 00:00:00",291,-51
"2017-03-14 00:00:00",268,-42
"2017-03-15 00:00:00",274,-59
"2017-03-16 00:00:00",296,-70
"2017-03-17 00:00:00",400,-43
"2017-03-18 00:00:00",312,-56
"2017-03-19 00:00:00",375,-83
"2017-03-20 00:00:00",350,-58
"2017-03-21 00:00:00",280,-37
"2017-03-22 00:00:00",335,-33
"2017-03-23 00:00:00",312,-43
"2017-03-24 00:00:00",256,-34
"2017-03-25 00:00:00",332,-65
"2017-03-26 00:00:00",285,-53
"2017-03-27 00:00:00",344,-50
"2017-03-28 00:00:00",307,-47
"2017-03-29 00:00:00",301,-45
"2017-03-30 00:00:00",322,-52
"2017-03-31 00:00:00",302,-50
"2017-04-01 00:00:00",304,-65
"2017-04-02 00:00:00",304,-50
"2017-04-03 00:00:00",295,-59
"2017-04-04 00:00:00",231,-38
"2017-04-05 00:00:00",277,-46
"2017-04-06 00:00:00",304,-48
"2017-04-07 00:00:00",307,-44
"2017-04-08 00:00:00",228,-42
"2017-04-09 00:00:00",268,-38
"2017-04-10 00:00:00",281,-42
"2017-04-11 00:00:00",252,-45
"2017-04-12 00:00:00",224,-55
"2017-04-13 00:00:00",281,-70
"2017-04-14 00:00:00",284,-59
"2017-04-15 00:00:00",274,-45
"2017-04-16 00:00:00",307,-63
"2017-04-17 00:00:00",268,-46
"2017-04-18 00:00:00",223,-42
"2017-04-19 00:00:00",241,-37
"2017-04-20 00:00:00",264,-48
"2017-04-21 00:00:00",252,-57
"2017-04-22 00:00:00",341,-57
"2017-04-23 00:00:00",323,-60
"2017-04-24 00:00:00",314,-48
"2017-04-25 00:00:00",285,-35
"2017-04-26 00:00:00",244,-29
"2017-04-27 00:00:00",260,-29
"2017-04-28 00:00:00",219,-51
"2017-04-29 00:00:00",201,-38
"2017-04-30 00:00:00",236,-35
"2017-05-01 00:00:00",250,-46
"2017-05-02 00:00:00",294,-48
"2017-05-03 00:00:00",282,-54
"2017-05-04 00:00:00",296,-44
"2017-05-05 00:00:00",245,-30
"2017-05-06 00:00:00",536,-51
"2017-05-07 00:00:00",478,-55
"2017-05-08 00:00:00",369,-61
"2017-05-09 00:00:00",361,-46
"2017-05-10 00:00:00",409,-55
"2017-05-11 00:00:00",359,-45
"2017-05-12 00:00:00",435,-65
"2017-05-13 00:00:00",322,-48
"2017-05-14 00:00:00",370,-75
"2017-05-15 00:00:00",335,-35
"2017-05-16 00:00:00",384,-53
"2017-05-17 00:00:00",306,-26
"2017-05-18 00:00:00",351,-34
"2017-05-19 00:00:00",328,-60
"2017-05-20 00:00:00",375,-50
"2017-05-21 00:00:00",325,-59
"2017-05-22 00:00:00",347,-41
"2017-05-23 00:00:00",295,-33
"2017-05-24 00:00:00",320,-67
"2017-05-25 00:00:00",343,-26
"2017-05-26 00:00:00",289,-45
"2017-05-27 00:00:00",311,-40
"2017-05-28 00:00:00",312,-68
"2017-05-29 00:00:00",328,-29
"2017-05-30 00:00:00",350,-42
"2017-05-31 00:00:00",275,-58
"2017-06-01 00:00:00",327,-43
"2017-06-02 00:00:00",278,-44
"2017-06-03 00:00:00",323,-55
"2017-06-04 00:00:00",335,-42
"2017-06-05 00:00:00",260,-59
"2017-06-06 00:00:00",261,-71
"2017-06-07 00:00:00",301,-38
"2017-06-08 00:00:00",234,-37
"2017-06-09 00:00:00",316,-74
"2017-06-10 00:00:00",356,-115
"2017-06-11 00:00:00",317,-40
"2017-06-12 00:00:00",283,-58
"2017-06-13 00:00:00",294,-69
"2017-06-14 00:00:00",290,-57
"2017-06-15 00:00:00",263,-46
"2017-06-16 00:00:00",298,-70
"2017-06-17 00:00:00",274,-54
"2017-06-18 00:00:00",341,-56
"2017-06-19 00:00:00",304,-42
"2017-06-20 00:00:00",259,-65
"2017-06-21 00:00:00",327,-46
"2017-06-22 00:00:00",282,-85
"2017-06-23 00:00:00",421,-64
"2017-06-24 00:00:00",1884,-114
"2017-06-25 00:00:00",1207,-96
"2017-06-26 00:00:00",789,-67
"2017-06-27 00:00:00",937,-79
"2017-06-28 00:00:00",983,-98
"2017-06-29 00:00:00",1115,-167
"2017-06-30 00:00:00",982,-123
"2017-07-01 00:00:00",761,-119
"2017-07-02 00:00:00",837,-164
"2017-07-03 00:00:00",784,-129
"2017-07-04 00:00:00",722,-134
"2017-07-05 00:00:00",809,-111
"2017-07-06 00:00:00",622,-79
"2017-07-07 00:00:00",320,-38
"2017-07-08 00:00:00",419,-71
"2017-07-09 00:00:00",333,-84
"2017-07-10 00:00:00",397,-93
"2017-07-11 00:00:00",350,-91
"2017-07-12 00:00:00",308,-58
"2017-07-13 00:00:00",321,-56
"2017-07-14 00:00:00",297,-55
"2017-07-15 00:00:00",439,-112
"2017-07-16 00:00:00",525,-140
"2017-07-17 00:00:00",281,-48
"2017-07-18 00:00:00",327,-74
"2017-07-19 00:00:00",353,-39
"2017-07-20 00:00:00",371,-78
"2017-07-21 00:00:00",254,-38
"2017-07-22 00:00:00",303,-35
"2017-07-23 00:00:00",333,-35
"2017-07-24 00:00:00",297,-75
"2017-07-25 00:00:00",264,-60
"2017-07-26 00:00:00",202,-50
"2017-07-27 00:00:00",255,-52
"2017-07-28 00:00:00",359,-64
"2017-07-29 00:00:00",177,-40
"2017-07-30 00:00:00",379,-68
"2017-07-31 00:00:00",249,-55
"2017-08-01 00:00:00",271,-48
"2017-08-02 00:00:00",290,-53
"2017-08-03 00:00:00",275,-60
"2017-08-04 00:00:00",251,-66
"2017-08-05 00:00:00",268,-53
"2017-08-06 00:00:00",,
"2017-08-07 00:00:00",885,-212
"2017-08-08 00:00:00",69,-13
"2017-08-09 00:00:00",281,-50
"2017-08-10 00:00:00",305,-69
"2017-08-11 00:00:00",276,-87
"2017-08-12 00:00:00",285,-95
"2017-08-13 00:00:00",285,-29
"2017-08-14 00:00:00",335,-65
"2017-08-15 00:00:00",304,-41
"2017-08-16 00:00:00",279,-81
"2017-08-17 00:00:00",284,-53
"2017-08-18 00:00:00",350,-81
"2017-08-19 00:00:00",276,-71
"2017-08-20 00:00:00",319,-80
"2017-08-21 00:00:00",245,-69
"2017-08-22 00:00:00",363,-88
"2017-08-23 00:00:00",314,-60
"2017-08-24 00:00:00",281,-51
"2017-08-25 00:00:00",328,-73
"2017-08-26 00:00:00",326,-141
"2017-08-27 00:00:00",,
"2017-08-28 00:00:00",,
"2017-08-29 00:00:00",,
"2017-08-30 00:00:00",,
"2017-08-31 00:00:00",,
"2017-09-01 00:00:00",,
"2017-09-02 00:00:00",,
"2017-09-03 00:00:00",,
"2017-09-04 00:00:00",3248,-7963
"2017-09-05 00:00:00",,
"2017-09-06 00:00:00",566,-536
"2017-09-07 00:00:00",,
"2017-09-08 00:00:00",510,-315
"2017-09-09 00:00:00",,
"2017-09-10 00:00:00",,
"2017-09-11 00:00:00",667,-478
"2017-09-12 00:00:00",,
"2017-09-13 00:00:00",,
"2017-09-14 00:00:00",802,-315
"2017-09-15 00:00:00",213,-103
"2017-09-16 00:00:00",271,-127
"2017-09-17 00:00:00",219,-117
"2017-09-18 00:00:00",289,-115
"2017-09-19 00:00:00",249,-86
"2017-09-20 00:00:00",285,-139
"2017-09-21 00:00:00",275,-150
"2017-09-22 00:00:00",264,-128
"2017-09-23 00:00:00",253,-123
"2017-09-24 00:00:00",229,-120
"2017-09-25 00:00:00",310,-97
"2017-09-26 00:00:00",281,-91
"2017-09-27 00:00:00",221,-76
"2017-09-28 00:00:00",186,-86
"2017-09-29 00:00:00",236,-68
"2017-09-30 00:00:00",205,-75
"2017-10-01 00:00:00",231,-86
"2017-10-02 00:00:00",231,-114
"2017-10-03 00:00:00",226,-54
"2017-10-04 00:00:00",251,-63
"2017-10-05 00:00:00",213,-68
"2017-10-06 00:00:00",268,-85
"2017-10-07 00:00:00",268,-102
"2017-10-08 00:00:00",298,-106
"2017-10-09 00:00:00",306,-97
"2017-10-10 00:00:00",252,-87
"2017-10-11 00:00:00",266,-53
"2017-10-12 00:00:00",181,-37
"2017-10-13 00:00:00",242,-50
"2017-10-14 00:00:00",254,-68
"2017-10-15 00:00:00",287,-67
"2017-10-16 00:00:00",247,-81
"2017-10-17 00:00:00",227,-83
"2017-10-18 00:00:00",231,-111
"2017-10-19 00:00:00",215,-62
"2017-10-20 00:00:00",235,-64
"2017-10-21 00:00:00",191,-47
"2017-10-22 00:00:00",300,-78
"2017-10-23 00:00:00",217,-55
"2017-10-24 00:00:00",221,-65
"2017-10-25 00:00:00",224,-66
"2017-10-26 00:00:00",250,-63
"2017-10-27 00:00:00",195,-42
"2017-10-28 00:00:00",286,-86
"2017-10-29 00:00:00",256,-78
"2017-10-30 00:00:00",183,-75
"2017-10-31 00:00:00",307,-76
"2017-11-01 00:00:00",337,-95
"2017-11-02 00:00:00",287,-249
"2017-11-03 00:00:00",331,-193
"2017-11-04 00:00:00",333,-154
"2017-11-05 00:00:00",364,-196
"2017-11-06 00:00:00",345,-167
"2017-11-07 00:00:00",281,-134
"2017-11-08 00:00:00",333,-124
"2017-11-09 00:00:00",227,-74
"2017-11-10 00:00:00",233,-67
"2017-11-11 00:00:00",251,-90
"2017-11-12 00:00:00",215,-105
"2017-11-13 00:00:00",262,-85
"2017-11-14 00:00:00",219,-57
"2017-11-15 00:00:00",180,-66
"2017-11-16 00:00:00",243,-49
"2017-11-17 00:00:00",247,-68
"2017-11-18 00:00:00",231,-64
"2017-11-19 00:00:00",230,-90
"2017-11-20 00:00:00",253,-85
"2017-11-21 00:00:00",212,-84
"2017-11-22 00:00:00",254,-54
"2017-11-23 00:00:00",2081,-120
"2017-11-24 00:00:00",9242,-897
"2017-11-25 00:00:00",5241,-690
"2017-11-26 00:00:00",4336,-607
"2017-11-27 00:00:00",2386,-330
"2017-11-28 00:00:00",2354,-298
"2017-11-29 00:00:00",1754,-261
"2017-11-30 00:00:00",813,-143
"2017-12-01 00:00:00",242,-74
"2017-12-02 00:00:00",265,-78
"2017-12-03 00:00:00",,-5
"2017-12-04 00:00:00",1444,-246
"2017-12-05 00:00:00",,
"2017-12-06 00:00:00",,-37
"2017-12-07 00:00:00",258,-108
"2017-12-08 00:00:00",631,-72
"2017-12-09 00:00:00",1102,-174
"2017-12-10 00:00:00",247,-63
"2017-12-11 00:00:00",,
"2017-12-12 00:00:00",90,-32
"2017-12-13 00:00:00",1041,-198
"2017-12-14 00:00:00",,
"2017-12-15 00:00:00",216,-50
"2017-12-16 00:00:00",216,-84
"2017-12-17 00:00:00",,-57
"2017-12-18 00:00:00",189,-86
"2017-12-19 00:00:00",211,-49
"2017-12-20 00:00:00",240,-34
"2017-12-21 00:00:00",530,-88
"2017-12-22 00:00:00",,-40
"2017-12-23 00:00:00",1831,-241
"2017-12-24 00:00:00",,
"2017-12-25 00:00:00",1221,-202
"2017-12-26 00:00:00",,
"2017-12-27 00:00:00",1509,-228
"2017-12-28 00:00:00",,
"2017-12-29 00:00:00",1025,-184
"2017-12-30 00:00:00",,
"2017-12-31 00:00:00",1682,-251
"2018-01-01 00:00:00",,
"2018-01-02 00:00:00",706,-176
"2018-01-03 00:00:00",391,-86
"2018-01-04 00:00:00",,
"2018-01-05 00:00:00",11,-80
"2018-01-06 00:00:00",751,-132
"2018-01-07 00:00:00",222,-77
"2018-01-08 00:00:00",248,-75
"2018-01-09 00:00:00",,-52
"2018-01-10 00:00:00",1318,-193
"2018-01-11 00:00:00",,
"2018-01-12 00:00:00",112,-53
"2018-01-13 00:00:00",970,-155
"2018-01-14 00:00:00",,
"2018-01-15 00:00:00",,-32
"2018-01-16 00:00:00",1335,-199
"2018-01-17 00:00:00",,
"2018-01-18 00:00:00",1283,-172
"2018-01-19 00:00:00",201,-56
"2018-01-20 00:00:00",,
"2018-01-21 00:00:00",554,-89
"2018-01-22 00:00:00",355,-67
"2018-01-23 00:00:00",821,-151
"2018-01-24 00:00:00",,
"2018-01-25 00:00:00",166,-41
"2018-01-26 00:00:00",193,-62
"2018-01-27 00:00:00",312,-88
"2018-01-28 00:00:00",59,-49
"2018-01-29 00:00:00",185,-30
"2018-01-30 00:00:00",169,-59
"2018-01-31 00:00:00",,-5
"2018-02-01 00:00:00",545,-85
"2018-02-02 00:00:00",328,-60
"2018-02-03 00:00:00",,-13
"2018-02-04 00:00:00",1294,-204
"2018-02-05 00:00:00",,
"2018-02-06 00:00:00",924,-152
"2018-02-07 00:00:00",181,-43
"2018-02-08 00:00:00",167,-44
"2018-02-09 00:00:00",,
"2018-02-10 00:00:00",955,-134
"2018-02-11 00:00:00",180,-37
"2018-02-12 00:00:00",164,-60
"2018-02-13 00:00:00",,
"2018-02-14 00:00:00",862,-137
"2018-02-15 00:00:00",,
"2018-02-16 00:00:00",772,-158
"2018-02-17 00:00:00",,
"2018-02-18 00:00:00",832,-148
"2018-02-19 00:00:00",233,-59
"2018-02-20 00:00:00",,
"2018-02-21 00:00:00",809,-133
"2018-02-22 00:00:00",,
"2018-02-23 00:00:00",,-29
"2018-02-24 00:00:00",638,-96
"2018-02-25 00:00:00",50,-69
"2018-02-26 00:00:00",188,-23
"2018-02-27 00:00:00",,
"2018-02-28 00:00:00",1256,-181
"2018-03-01 00:00:00",,
"2018-03-02 00:00:00",485,-91
"2018-03-03 00:00:00",217,-61
"2018-03-04 00:00:00",334,-83
"2018-03-05 00:00:00",735,-148
"2018-03-06 00:00:00",145,-42
"2018-03-07 00:00:00",,
"2018-03-08 00:00:00",636,-87
"2018-03-09 00:00:00",211,-57
"2018-03-10 00:00:00",92,-62
"2018-03-11 00:00:00",,-68
"2018-03-12 00:00:00",652,-79
"2018-03-13 00:00:00",828,-387
"2018-03-14 00:00:00",,-651
"2018-03-15 00:00:00",353,-275
"2018-03-16 00:00:00",792,-221
"2018-03-17 00:00:00",232,-114
"2018-03-18 00:00:00",266,-260
"2018-03-19 00:00:00",235,-105
"2018-03-20 00:00:00",207,-59
"2018-03-21 00:00:00",,
"2018-03-22 00:00:00",,
"2018-03-23 00:00:00",577,-230
"2018-03-24 00:00:00",,
"2018-03-25 00:00:00",323,-77
"2018-03-26 00:00:00",208,-60
"2018-03-27 00:00:00",717,-119
"2018-03-28 00:00:00",178,-76
"2018-03-29 00:00:00",,
"2018-03-30 00:00:00",1163,-204
"2018-03-31 00:00:00",,
"2018-04-01 00:00:00",,-38
"2018-04-02 00:00:00",1162,-221
"2018-04-03 00:00:00",,
"2018-04-04 00:00:00",688,-138
"2018-04-05 00:00:00",,
"2018-04-06 00:00:00",721,-137
"2018-04-07 00:00:00",,
"2018-04-08 00:00:00",156,-47
"2018-04-09 00:00:00",312,-64
"2018-04-10 00:00:00",141,-57
"2018-04-11 00:00:00",,-17
"2018-04-12 00:00:00",1145,-172
"2018-04-13 00:00:00",147,-49
"2018-04-14 00:00:00",,
"2018-04-15 00:00:00",287,-67
"2018-04-16 00:00:00",144,-45
"2018-04-17 00:00:00",676,-142
"2018-04-18 00:00:00",,
"2018-04-19 00:00:00",700,-134
"2018-04-20 00:00:00",,
"2018-04-21 00:00:00",168,-53
"2018-04-22 00:00:00",,-10
"2018-04-23 00:00:00",139,-40
"2018-04-24 00:00:00",1093,-143
"2018-04-25 00:00:00",,
"2018-04-26 00:00:00",126,-28
"2018-04-27 00:00:00",298,-41
"2018-04-28 00:00:00",40,-46
"2018-04-29 00:00:00",139,-26
"2018-04-30 00:00:00",246,-49
"2018-05-01 00:00:00",47,-53
"2018-05-02 00:00:00",,-10
"2018-05-03 00:00:00",117,-32
"2018-05-04 00:00:00",551,-69
"2018-05-05 00:00:00",30,-32
"2018-05-06 00:00:00",,-24
"2018-05-07 00:00:00",566,-72
"2018-05-08 00:00:00",,-15
"2018-05-09 00:00:00",209,-58
"2018-05-10 00:00:00",574,-105
"2018-05-11 00:00:00",914,-139
"2018-05-12 00:00:00",187,-76
"2018-05-13 00:00:00",,
"2018-05-14 00:00:00",469,-106
"2018-05-15 00:00:00",212,-61
"2018-05-16 00:00:00",,-19
"2018-05-17 00:00:00",199,-43
"2018-05-18 00:00:00",606,-83
"2018-05-19 00:00:00",708,-124
"2018-05-20 00:00:00",,
"2018-05-21 00:00:00",270,-43
"2018-05-22 00:00:00",202,-30
"2018-05-23 00:00:00",717,-125
"2018-05-24 00:00:00",,
"2018-05-25 00:00:00",572,-93
"2018-05-26 00:00:00",659,-29
"2018-05-27 00:00:00",172,-17
"2018-05-28 00:00:00",313,-52
"2018-05-29 00:00:00",673,-74
"2018-05-30 00:00:00",909,-128
"2018-05-31 00:00:00",,
"2018-06-01 00:00:00",741,-121
"2018-06-02 00:00:00",,
"2018-06-03 00:00:00",262,-41
"2018-06-04 00:00:00",758,-103
"2018-06-05 00:00:00",,
"2018-06-06 00:00:00",,-1
"2018-06-07 00:00:00",1163,-182
"2018-06-08 00:00:00",,
"2018-06-09 00:00:00",836,-163
"2018-06-10 00:00:00",,-20
"2018-06-11 00:00:00",163,-77
"2018-06-12 00:00:00",197,-88
"2018-06-13 00:00:00",,-30
"2018-06-14 00:00:00",522,-102
"2018-06-15 00:00:00",172,-83
"2018-06-16 00:00:00",,-57
"2018-06-17 00:00:00",196,-57
"2018-06-18 00:00:00",1158,-163
"2018-06-19 00:00:00",,
"2018-06-20 00:00:00",236,-75
"2018-06-21 00:00:00",839,-111
"2018-06-22 00:00:00",,
"2018-06-23 00:00:00",659,-113
"2018-06-24 00:00:00",931,-125
"2018-06-25 00:00:00",288,-52
"2018-06-26 00:00:00",,
"2018-06-27 00:00:00",1216,-140
"2018-06-28 00:00:00",296,-66
"2018-06-29 00:00:00",386,-46
"2018-06-30 00:00:00",,
"2018-07-01 00:00:00",284,-59
"2018-07-02 00:00:00",,-17
"2018-07-03 00:00:00",230,-30
"2018-07-04 00:00:00",1170,-178
"2018-07-05 00:00:00",,
"2018-07-06 00:00:00",886,-130
"2018-07-07 00:00:00",,
"2018-07-08 00:00:00",169,-42
"2018-07-09 00:00:00",427,-75
"2018-07-10 00:00:00",262,-55
"2018-07-11 00:00:00",682,-116
"2018-07-12 00:00:00",,
"2018-07-13 00:00:00",776,-116
"2018-07-14 00:00:00",,
"2018-07-15 00:00:00",427,-75
"2018-07-16 00:00:00",767,-102
"2018-07-17 00:00:00",,
"2018-07-18 00:00:00",224,-52
"2018-07-19 00:00:00",90,-69
"2018-07-20 00:00:00",270,-56
"2018-07-21 00:00:00",65,-55
"2018-07-22 00:00:00",354,-24
"2018-07-23 00:00:00",206,-43
"2018-07-24 00:00:00",178,-33
"2018-07-25 00:00:00",,-19
"2018-07-26 00:00:00",492,-82
"2018-07-27 00:00:00",317,-30
"2018-07-28 00:00:00",124,-28
"2018-07-29 00:00:00",,-11
"2018-07-30 00:00:00",1036,-137
"2018-07-31 00:00:00",,
"2018-08-01 00:00:00",896,-136
"2018-08-02 00:00:00",,-38
"2018-08-03 00:00:00",661,-136
"2018-08-04 00:00:00",,-32
"2018-08-05 00:00:00",783,-127
"2018-08-06 00:00:00",,
"2018-08-07 00:00:00",548,-85
"2018-08-08 00:00:00",,-6
"2018-08-09 00:00:00",173,-53
"2018-08-10 00:00:00",433,-73
"2018-08-11 00:00:00",798,-111
"2018-08-12 00:00:00",,
"2018-08-13 00:00:00",,-9
"2018-08-14 00:00:00",440,-69
"2018-08-15 00:00:00",778,-123
"2018-08-16 00:00:00",,
"2018-08-17 00:00:00",745,-94
"2018-08-18 00:00:00",148,-45
"2018-08-19 00:00:00",,
"2018-08-20 00:00:00",243,-41
"2018-08-21 00:00:00",725,-104
"2018-08-22 00:00:00",,
"2018-08-23 00:00:00",831,-113
"2018-08-24 00:00:00",168,-52
"2018-08-25 00:00:00",,
"2018-08-26 00:00:00",467,-88
"2018-08-27 00:00:00",812,-126
"2018-08-28 00:00:00",,
"2018-08-29 00:00:00",571,-85
"2018-08-30 00:00:00",697,-111
"2018-08-31 00:00:00",200,-43
"2018-09-01 00:00:00",208,-32
"2018-09-02 00:00:00",205,-41
"2018-09-03 00:00:00",219,-35
"2018-09-04 00:00:00",210,-31
"2018-09-05 00:00:00",,
"2018-09-06 00:00:00",457,-57
"2018-09-07 00:00:00",793,-109
"2018-09-08 00:00:00",,
"2018-09-09 00:00:00",201,-63
"2018-09-10 00:00:00",1093,-136
"2018-09-11 00:00:00",,
"2018-09-12 00:00:00",444,-69
"2018-09-13 00:00:00",,-11
"2018-09-14 00:00:00",162,-38
"2018-09-15 00:00:00",564,-65
"2018-09-16 00:00:00",715,-109
"2018-09-17 00:00:00",,
"2018-09-18 00:00:00",1013,-119
"2018-09-19 00:00:00",,
"2018-09-20 00:00:00",16,-28
"2018-09-21 00:00:00",,
"2018-09-22 00:00:00",171,-19
"2018-09-23 00:00:00",452,-69
"2018-09-24 00:00:00",768,-83
"2018-09-25 00:00:00",,
"2018-09-26 00:00:00",193,-29
"2018-09-27 00:00:00",151,-5
"2018-09-28 00:00:00",140,-24
"2018-09-29 00:00:00",,-3
"2018-09-30 00:00:00",972,-119
"2018-10-01 00:00:00",181,-30
"2018-10-02 00:00:00",164,-31
"2018-10-03 00:00:00",116,-13
"2018-10-04 00:00:00",151,-28
"2018-10-05 00:00:00",130,-21
"2018-10-06 00:00:00",147,-46
"2018-10-07 00:00:00",150,-50
"2018-10-08 00:00:00",153,-63
"2018-10-09 00:00:00",184,-44
"2018-10-10 00:00:00",138,-35
"2018-10-11 00:00:00",127,-26
"2018-10-12 00:00:00",149,-32
"2018-10-13 00:00:00",153,-35
"2018-10-14 00:00:00",176,-24
"2018-10-15 00:00:00",120,-56
"2018-10-16 00:00:00",135,-38
"2018-10-17 00:00:00",138,-40
"2018-10-18 00:00:00",150,-25
"2018-10-19 00:00:00",221,-35
"2018-10-20 00:00:00",216,-43
"2018-10-21 00:00:00",211,-65
"2018-10-22 00:00:00",186,-20
"2018-10-23 00:00:00",176,-29
"2018-10-24 00:00:00",152,-46
"2018-10-25 00:00:00",144,-32
"2018-10-26 00:00:00",156,-21
"2018-10-27 00:00:00",161,-38
"2018-10-28 00:00:00",163,-29
"2018-10-29 00:00:00",174,-46
"2018-10-30 00:00:00",131,-43
"2018-10-31 00:00:00",135,-43
"2018-11-01 00:00:00",151,-38
"2018-11-02 00:00:00",157,-54
"2018-11-03 00:00:00",126,-40
"2018-11-04 00:00:00",130,-41
"2018-11-05 00:00:00",138,-35
"2018-11-06 00:00:00",130,-38
"2018-11-07 00:00:00",130,-150
"2018-11-08 00:00:00",61,-2017
"2018-11-09 00:00:00",40,-2206
"2018-11-10 00:00:00",54,-1428
"2018-11-11 00:00:00",106,-834
"2018-11-12 00:00:00",183,-389
"2018-11-13 00:00:00",142,-896
"2018-11-14 00:00:00",173,-475
"2018-11-15 00:00:00",154,-713
"2018-11-16 00:00:00",155,-440
"2018-11-17 00:00:00",174,-206
"2018-11-18 00:00:00",147,-176
"2018-11-19 00:00:00",192,-115
"2018-11-20 00:00:00",195,-191
"2018-11-21 00:00:00",148,-357
"2018-11-22 00:00:00",2438,-468
"2018-11-23 00:00:00",10046,-923
"2018-11-24 00:00:00",4326,-510
"2018-11-25 00:00:00",3080,-371
"2018-11-26 00:00:00",2646,-282
"2018-11-27 00:00:00",1724,-223
"2018-11-28 00:00:00",1260,-127
"2018-11-29 00:00:00",186,-77
"2018-11-30 00:00:00",177,-58
"2018-12-01 00:00:00",141,-60
"2018-12-02 00:00:00",189,-80
"2018-12-03 00:00:00",148,-70
"2018-12-04 00:00:00",130,-62
"2018-12-05 00:00:00",304,
"2018-12-06 00:00:00",172,-37
"2018-12-07 00:00:00",141,-81
"2018-12-08 00:00:00",158,-45
"2018-12-09 00:00:00",202,-81
"2018-12-10 00:00:00",166,-39
"2018-12-11 00:00:00",213,-27
"2018-12-12 00:00:00",98,-27
"2018-12-13 00:00:00",131,-33
"2018-12-14 00:00:00",154,-59
"2018-12-15 00:00:00",106,-28
"2018-12-16 00:00:00",149,-43
"2018-12-17 00:00:00",120,-71
"2018-12-18 00:00:00",148,-43
"2018-12-19 00:00:00",136,-49
"2018-12-20 00:00:00",104,-47
"2018-12-21 00:00:00",205,-131
"2018-12-22 00:00:00",254,-39
"2018-12-23 00:00:00",228,-52
"2018-12-24 00:00:00",192,-51
"2018-12-25 00:00:00",228,-20
"2018-12-26 00:00:00",221,-58
"2018-12-27 00:00:00",281,-50
"2018-12-28 00:00:00",246,-51
"2018-12-29 00:00:00",237,-73
"2018-12-30 00:00:00",227,-55
"2018-12-31 00:00:00",212,-64
"2019-01-01 00:00:00",,
"2019-01-02 00:00:00",390,-72
"2019-01-03 00:00:00",264,-36
"2019-01-04 00:00:00",201,-46
"2019-01-05 00:00:00",172,-39
"2019-01-06 00:00:00",170,-32
"2019-01-07 00:00:00",173,-71
"2019-01-08 00:00:00",170,-39
"2019-01-09 00:00:00",126,-47
"2019-01-10 00:00:00",157,-27
"2019-01-11 00:00:00",135,-44
"2019-01-12 00:00:00",138,-44
"2019-01-13 00:00:00",152,-42
"2019-01-14 00:00:00",117,-48
"2019-01-15 00:00:00",140,-51
"2019-01-16 00:00:00",164,-35
"2019-01-17 00:00:00",158,-38
"2019-01-18 00:00:00",113,-43
"2019-01-19 00:00:00",114,-41
"2019-01-20 00:00:00",174,-57
"2019-01-21 00:00:00",173,-37
"2019-01-22 00:00:00",152,-40
"2019-01-23 00:00:00",122,-36
"2019-01-24 00:00:00",142,-36
"2019-01-25 00:00:00",134,-37
"2019-01-26 00:00:00",104,-40
"2019-01-27 00:00:00",141,-48
"2019-01-28 00:00:00",142,-49
"2019-01-29 00:00:00",124,-52
"2019-01-30 00:00:00",120,-45
"2019-01-31 00:00:00",134,-66
"2019-02-01 00:00:00",139,-91
"2019-02-02 00:00:00",139,-46
"2019-02-03 00:00:00",154,-64
"2019-02-04 00:00:00",200,-63
"2019-02-05 00:00:00",147,-63
"2019-02-06 00:00:00",196,-68
"2019-02-07 00:00:00",227,-85
"2019-02-08 00:00:00",202,-43
"2019-02-09 00:00:00",211,-62
"2019-02-10 00:00:00",220,-59
"2019-02-11 00:00:00",242,-66
"2019-02-12 00:00:00",249,-63
"2019-02-13 00:00:00",210,-55
"2019-02-14 00:00:00",201,-42
"2019-02-15 00:00:00",179,-51
"2019-02-16 00:00:00",166,-60
"2019-02-17 00:00:00",180,-54
"2019-02-18 00:00:00",178,-55
"2019-02-19 00:00:00",149,-30
"2019-02-20 00:00:00",164,-59
"2019-02-21 00:00:00",,
"2019-02-22 00:00:00",,
"2019-02-23 00:00:00",,
"2019-02-24 00:00:00",,
"2019-02-25 00:00:00",,
"2019-02-26 00:00:00",,
"2019-02-27 00:00:00",,
"2019-02-28 00:00:00",1275,-674
"2019-03-01 00:00:00",165,-163
"2019-03-02 00:00:00",160,-116
"2019-03-03 00:00:00",173,-89
"2019-03-04 00:00:00",206,-163
"2019-03-05 00:00:00",175,-64
"2019-03-06 00:00:00",128,-100
"2019-03-07 00:00:00",167,-37
"2019-03-08 00:00:00",154,-41
"2019-03-09 00:00:00",136,-55
"2019-03-10 00:00:00",144,-48
"2019-03-11 00:00:00",132,-73
"2019-03-12 00:00:00",131,-46
"2019-03-13 00:00:00",163,-45
"2019-03-14 00:00:00",124,-49
"2019-03-15 00:00:00",122,-52
"2019-03-16 00:00:00",90,-37
"2019-03-17 00:00:00",134,-53
"2019-03-18 00:00:00",147,-32
"2019-03-19 00:00:00",113,-44
"2019-03-20 00:00:00",175,-44
"2019-03-21 00:00:00",103,-46
"2019-03-22 00:00:00",120,-27
"2019-03-23 00:00:00",127,-61
"2019-03-24 00:00:00",131,-45
"2019-03-25 00:00:00",143,-52
"2019-03-26 00:00:00",141,-37
"2019-03-27 00:00:00",104,-35
"2019-03-28 00:00:00",153,-55
"2019-03-29 00:00:00",117,-47
"2019-03-30 00:00:00",117,-32
"2019-03-31 00:00:00",173,-58
"2019-04-01 00:00:00",115,-37
"2019-04-02 00:00:00",113,-40
"2019-04-03 00:00:00",165,-46
"2019-04-04 00:00:00",132,-22
"2019-04-05 00:00:00",125,-42
"2019-04-06 00:00:00",125,-57
"2019-04-07 00:00:00",151,-109
"2019-04-08 00:00:00",149,-96
"2019-04-09 00:00:00",116,-39
"2019-04-10 00:00:00",95,-47
"2019-04-11 00:00:00",143,-37
"2019-04-12 00:00:00",100,-34
"2019-04-13 00:00:00",140,-37
"2019-04-14 00:00:00",76,-48
"2019-04-15 00:00:00",107,-29
"2019-04-16 00:00:00",98,-38
"2019-04-17 00:00:00",84,-51
"2019-04-18 00:00:00",81,-22
"2019-04-19 00:00:00",107,-37
"2019-04-20 00:00:00",117,-32
"2019-04-21 00:00:00",114,-45
"2019-04-22 00:00:00",120,-29
"2019-04-23 00:00:00",52,-54
"2019-04-24 00:00:00",73,-44
"2019-04-25 00:00:00",101,-32
"2019-04-26 00:00:00",93,-27
"2019-04-27 00:00:00",98,-40
"2019-04-28 00:00:00",86,-49
"2019-04-29 00:00:00",85,-41
"2019-04-30 00:00:00",110,-32
"2019-05-01 00:00:00",109,-49
"2019-05-02 00:00:00",14,
"2019-05-03 00:00:00",135,-41
"2019-05-04 00:00:00",121,-52
"2019-05-05 00:00:00",135,-59
"2019-05-06 00:00:00",105,-29
"2019-05-07 00:00:00",105,-26
"2019-05-08 00:00:00",212,-27
"2019-05-09 00:00:00",267,-15
"2019-05-10 00:00:00",201,-40
"2019-05-11 00:00:00",177,-169
"2019-05-12 00:00:00",185,-80
"2019-05-13 00:00:00",163,-77
"2019-05-14 00:00:00",212,-145
"2019-05-15 00:00:00",156,-46
"2019-05-16 00:00:00",,
"2019-05-17 00:00:00",,
"2019-05-18 00:00:00",,
"2019-05-19 00:00:00",,
"2019-05-20 00:00:00",,
"2019-05-21 00:00:00",,
"2019-05-22 00:00:00",,
"2019-05-23 00:00:00",,
"2019-05-24 00:00:00",,
"2019-05-25 00:00:00",,
"2019-05-26 00:00:00",,
"2019-05-27 00:00:00",,
"2019-05-28 00:00:00",,
"2019-05-29 00:00:00",2474,-822
"2019-05-30 00:00:00",83,-24
"2019-05-31 00:00:00",133,-51
"2019-06-01 00:00:00",116,-37
"2019-06-02 00:00:00",96,-42
"2019-06-03 00:00:00",94,-30
"2019-06-04 00:00:00",122,-31
"2019-06-05 00:00:00",96,-36
"2019-06-06 00:00:00",145,-15
"2019-06-07 00:00:00",114,-47
"2019-06-08 00:00:00",115,-31
"2019-06-09 00:00:00",134,-98
"2019-06-10 00:00:00",124,-53
"2019-06-11 00:00:00",116,-90
"2019-06-12 00:00:00",127,-47
"2019-06-13 00:00:00",118,-43
"2019-06-14 00:00:00",114,-34
"2019-06-15 00:00:00",241,-36
"2019-06-16 00:00:00",120,-51
"2019-06-17 00:00:00",202,-12
"2019-06-18 00:00:00",163,-24
"2019-06-19 00:00:00",154,-32
"2019-06-20 00:00:00",137,-31
"2019-06-21 00:00:00",98,-23
"2019-06-22 00:00:00",95,-20
"2019-06-23 00:00:00",134,-42
"2019-06-24 00:00:00",116,-5
"2019-06-25 00:00:00",119,-31
"2019-06-26 00:00:00",98,-9
"2019-06-27 00:00:00",224,-17
"2019-06-28 00:00:00",259,
"2019-06-29 00:00:00",170,
"2019-06-30 00:00:00",7219,-1200
"2019-07-01 00:00:00",4832,-697
"2019-07-02 00:00:00",4098,-588
"2019-07-03 00:00:00",2757,-378
"2019-07-04 00:00:00",2110,-343
"2019-07-05 00:00:00",1833,-241
"2019-07-06 00:00:00",1796,-257
"2019-07-07 00:00:00",1582,-291
"2019-07-08 00:00:00",1406,-168
"2019-07-09 00:00:00",118,-32
"2019-07-10 00:00:00",227,-40
"2019-07-11 00:00:00",146,-38
"2019-07-12 00:00:00",128,-20
"2019-07-13 00:00:00",125,-19
"2019-07-14 00:00:00",170,-46
"2019-07-15 00:00:00",105,-31
"2019-07-16 00:00:00",128,-49
"2019-07-17 00:00:00",131,-16
"2019-07-18 00:00:00",132,-18
"2019-07-19 00:00:00",133,-30
"2019-07-20 00:00:00",101,-42
"2019-07-21 00:00:00",121,-41
"2019-07-22 00:00:00",83,-32
"2019-07-23 00:00:00",110,-29
"2019-07-24 00:00:00",129,-55
"2019-07-25 00:00:00",122,-10
"2019-07-26 00:00:00",86,-30
"2019-07-27 00:00:00",93,-3
"2019-07-28 00:00:00",87,-38
"2019-07-29 00:00:00",134,-27
"2019-07-30 00:00:00",86,-30
"2019-07-31 00:00:00",73,-33
"2019-08-01 00:00:00",102,-19
"2019-08-02 00:00:00",110,-37
"2019-08-03 00:00:00",111,-37
"2019-08-04 00:00:00",116,-40
"2019-08-05 00:00:00",88,-23
"2019-08-06 00:00:00",100,-24
"2019-08-07 00:00:00",113,-62
"2019-08-08 00:00:00",94,-87
"2019-08-09 00:00:00",109,-64
"2019-08-10 00:00:00",108,-37
"2019-08-11 00:00:00",126,-49
"2019-08-12 00:00:00",83,-44
"2019-08-13 00:00:00",123,-27
"2019-08-14 00:00:00",99,-33
"2019-08-15 00:00:00",106,-39
"2019-08-16 00:00:00",91,-22
"2019-08-17 00:00:00",132,-34
"2019-08-18 00:00:00",49,-13
"2019-08-19 00:00:00",107,-13
"2019-08-20 00:00:00",99,-43
"2019-08-21 00:00:00",120,-11
"2019-08-22 00:00:00",114,-8
"2019-08-23 00:00:00",94,-29
"2019-08-24 00:00:00",112,-40
"2019-08-25 00:00:00",112,-37
"2019-08-26 00:00:00",105,-43
"2019-08-27 00:00:00",110,-24
"2019-08-28 00:00:00",104,-29
"2019-08-29 00:00:00",105,-30
"2019-08-30 00:00:00",124,-20
"2019-08-31 00:00:00",100,-11
"2019-09-01 00:00:00",118,-14
"2019-09-02 00:00:00",148,-10
"2019-09-03 00:00:00",115,-20
"2019-09-04 00:00:00",99,-19
"2019-09-05 00:00:00",103,-9
"2019-09-06 00:00:00",92,-16
"2019-09-07 00:00:00",80,-39
"2019-09-08 00:00:00",67,-16
"2019-09-09 00:00:00",109,-38
"2019-09-10 00:00:00",74,-35
"2019-09-11 00:00:00",123,-33
"2019-09-12 00:00:00",113,-16
"2019-09-13 00:00:00",145,-34
"2019-09-14 00:00:00",68,-28
"2019-09-15 00:00:00",112,-16
"2019-09-16 00:00:00",166,-35
"2019-09-17 00:00:00",75,-10
"2019-09-18 00:00:00",74,-17
"2019-09-19 00:00:00",202,-89
"2019-09-20 00:00:00",86,-24
"2019-09-21 00:00:00",109,-61
"2019-09-22 00:00:00",95,-56
"2019-09-23 00:00:00",,
"2019-09-24 00:00:00",567,-53
"2019-09-25 00:00:00",432,-49
"2019-09-26 00:00:00",218,-86
"2019-09-27 00:00:00",67,-39
"2019-09-28 00:00:00",88,-19
"2019-09-29 00:00:00",91,-46
"2019-09-30 00:00:00",86,-36
"2019-10-01 00:00:00",72,-38
"2019-10-02 00:00:00",199,-18
"2019-10-03 00:00:00",65,-13
"2019-10-04 00:00:00",76,-24
"2019-10-05 00:00:00",143,-32
"2019-10-06 00:00:00",168,-64
"2019-10-07 00:00:00",64,-19
"2019-10-08 00:00:00",11,
"2019-10-09 00:00:00",69,-11
"2019-10-10 00:00:00",74,-28
"2019-10-11 00:00:00",151,-76
"2019-10-12 00:00:00",60,-15
"2019-10-13 00:00:00",57,-41
"2019-10-14 00:00:00",89,-52
"2019-10-15 00:00:00",209,-36
"2019-10-16 00:00:00",78,-13
"2019-10-17 00:00:00",67,-35
"2019-10-18 00:00:00",68,-26
"2019-10-19 00:00:00",145,-60
"2019-10-20 00:00:00",51,-40
"2019-10-21 00:00:00",51,-31
"2019-10-22 00:00:00",268,-38
"2019-10-23 00:00:00",290,-57
"2019-10-24 00:00:00",99,-27
"2019-10-25 00:00:00",,
"2019-10-26 00:00:00",1344,-254
"2019-10-27 00:00:00",610,-128
"2019-10-28 00:00:00",453,-130
"2019-10-29 00:00:00",,
"2019-10-30 00:00:00",334,-75
"2019-10-31 00:00:00",8443,-938
"2019-11-01 00:00:00",6461,-803
"2019-11-02 00:00:00",5106,-688
"2019-11-03 00:00:00",3420,-543
"2019-11-04 00:00:00",2519,-482
"2019-11-05 00:00:00",,
"2019-11-06 00:00:00",2084,-431
"2019-11-07 00:00:00",2130,-397
"2019-11-08 00:00:00",2773,-456
"2019-11-09 00:00:00",1833,-368
"2019-11-10 00:00:00",2206,-395
"2019-11-11 00:00:00",3157,-671
"2019-11-12 00:00:00",1375,-297
"2019-11-13 00:00:00",,
"2019-11-14 00:00:00",1254,-300
"2019-11-15 00:00:00",1362,-320
"2019-11-16 00:00:00",1813,-397
"2019-11-17 00:00:00",1453,-344
"2019-11-18 00:00:00",1359,-361
"2019-11-19 00:00:00",1209,-346
"2019-11-20 00:00:00",1076,-278
"2019-11-21 00:00:00",1189,-246
"2019-11-22 00:00:00",1016,-245
"2019-11-23 00:00:00",1199,-262
"2019-11-24 00:00:00",1132,-272
"2019-11-25 00:00:00",969,-210
"2019-11-26 00:00:00",1038,-238
"2019-11-27 00:00:00",4408,-1046
"2019-11-28 00:00:00",3101,-877
"2019-11-29 00:00:00",2694,-600
"2019-11-30 00:00:00",2227,-443
"2019-12-01 00:00:00",2227,-431
"2019-12-02 00:00:00",3460,-641
"2019-12-03 00:00:00",1151,-209
"2019-12-04 00:00:00",1178,-254
"2019-12-05 00:00:00",922,-254
"2019-12-06 00:00:00",972,-231
"2019-12-07 00:00:00",1232,-304
"2019-12-08 00:00:00",1244,-257
"2019-12-09 00:00:00",910,-244
"2019-12-10 00:00:00",783,-183
"2019-12-11 00:00:00",835,-199
"2019-12-12 00:00:00",690,-205
"2019-12-13 00:00:00",729,-235
"2019-12-14 00:00:00",711,-220
"2019-12-15 00:00:00",806,-257
"2019-12-16 00:00:00",1282,-344
"2019-12-17 00:00:00",638,-146
"2019-12-18 00:00:00",674,-129
"2019-12-19 00:00:00",698,-191
"2019-12-20 00:00:00",737,-179
"2019-12-21 00:00:00",744,-177
"2019-12-22 00:00:00",552,-120
"2019-12-23 00:00:00",716,-136
"2019-12-24 00:00:00",616,-98
"2019-12-25 00:00:00",547,-161
"2019-12-26 00:00:00",640,-144
"2019-12-27 00:00:00",1426,-274
"2019-12-28 00:00:00",650,-117
"2019-12-29 00:00:00",655,-162
"2019-12-30 00:00:00",725,-165
"2019-12-31 00:00:00",590,-169
"2020-01-01 00:00:00",,
"2020-01-02 00:00:00",1211,-327
"2020-01-03 00:00:00",790,-206
"2020-01-04 00:00:00",619,-220
"2020-01-05 00:00:00",797,-211
"2020-01-06 00:00:00",671,-191
"2020-01-07 00:00:00",594,-186
"2020-01-08 00:00:00",766,-220
"2020-01-09 00:00:00",566,-161
"2020-01-10 00:00:00",562,-177
"2020-01-11 00:00:00",,
"2020-01-12 00:00:00",1165,-316
"2020-01-13 00:00:00",609,-203
"2020-01-14 00:00:00",442,-163
"2020-01-15 00:00:00",453,-124
"2020-01-16 00:00:00",609,-154
"2020-01-17 00:00:00",678,-215
"2020-01-18 00:00:00",529,-194
"2020-01-19 00:00:00",505,-159
"2020-01-20 00:00:00",620,-138
"2020-01-21 00:00:00",459,-151
"2020-01-22 00:00:00",591,-142
"2020-01-23 00:00:00",443,-128
"2020-01-24 00:00:00",652,-215
"2020-01-25 00:00:00",697,-231
"2020-01-26 00:00:00",,
"2020-01-27 00:00:00",634,-184
"2020-01-28 00:00:00",709,-203
"2020-01-29 00:00:00",601,-144
"2020-01-30 00:00:00",593,-127
"2020-01-31 00:00:00",953,-266
"2020-02-01 00:00:00",561,-155
"2020-02-02 00:00:00",712,-181
"2020-02-03 00:00:00",539,-127
"2020-02-04 00:00:00",601,-139
"2020-02-05 00:00:00",555,-191
"2020-02-06 00:00:00",431,-106
"2020-02-07 00:00:00",458,-144
"2020-02-08 00:00:00",491,-79
"2020-02-09 00:00:00",1078,-255
"2020-02-10 00:00:00",386,-82
"2020-02-11 00:00:00",399,-71
"2020-02-12 00:00:00",538,-128
"2020-02-13 00:00:00",344,-122
"2020-02-14 00:00:00",977,-216
"2020-02-15 00:00:00",449,-106
"2020-02-16 00:00:00",450,-102
"2020-02-17 00:00:00",637,-95
"2020-02-18 00:00:00",340,-103
"2020-02-19 00:00:00",611,-127
"2020-02-20 00:00:00",835,-286
"2020-02-21 00:00:00",407,-97
"2020-02-22 00:00:00",420,-101
"2020-02-23 00:00:00",415,-131
"2020-02-24 00:00:00",,
"2020-02-25 00:00:00",855,-271
"2020-02-26 00:00:00",456,-116
"2020-02-27 00:00:00",920,-288
"2020-02-28 00:00:00",465,-140
"2020-02-29 00:00:00",483,-141
"2020-03-01 00:00:00",477,-103
"2020-03-02 00:00:00",547,-87
"2020-03-03 00:00:00",696,-176
"2020-03-04 00:00:00",529,-129
"2020-03-05 00:00:00",1663,-121
"2020-03-06 00:00:00",439,-87
"2020-03-07 00:00:00",1044,-237
"2020-03-08 00:00:00",372,-126
"2020-03-09 00:00:00",314,-73
"2020-03-10 00:00:00",333,-110
"2020-03-11 00:00:00",526,-137
"2020-03-12 00:00:00",340,-100
"2020-03-13 00:00:00",463,-100
"2020-03-14 00:00:00",537,-116
"2020-03-15 00:00:00",415,-141
"2020-03-16 00:00:00",976,-198
"2020-03-17 00:00:00",625,-120
"2020-03-18 00:00:00",729,-235
"2020-03-19 00:00:00",650,-162
"2020-03-20 00:00:00",610,-152
"2020-03-21 00:00:00",568,-195
"2020-03-22 00:00:00",561,-132
"2020-03-23 00:00:00",501,-144
"2020-03-24 00:00:00",593,-190
"2020-03-25 00:00:00",554,-140
"2020-03-26 00:00:00",734,-164
"2020-03-27 00:00:00",705,-184
"2020-03-28 00:00:00",588,-148
"2020-03-29 00:00:00",517,-164
"2020-03-30 00:00:00",,
"2020-03-31 00:00:00",1090,-317
"2020-04-01 00:00:00",1217,-219
"2020-04-02 00:00:00",477,-102
"2020-04-03 00:00:00",549,-178
"2020-04-04 00:00:00",833,-174
"2020-04-05 00:00:00",537,-107
"2020-04-06 00:00:00",,
"2020-04-07 00:00:00",1061,-279
"2020-04-08 00:00:00",577,-159
"2020-04-09 00:00:00",584,-154
"2020-04-10 00:00:00",1028,-142
"2020-04-11 00:00:00",443,-154
"2020-04-12 00:00:00",498,-124
"2020-04-13 00:00:00",468,-160
"2020-04-14 00:00:00",582,-165
"2020-04-15 00:00:00",650,-115
"2020-04-16 00:00:00",652,-159
"2020-04-17 00:00:00",620,-148
"2020-04-18 00:00:00",538,-168
"2020-04-19 00:00:00",591,-170
"2020-04-20 00:00:00",672,-134
"2020-04-21 00:00:00",561,-164
"2020-04-22 00:00:00",548,-155
"2020-04-23 00:00:00",534,-168
"2020-04-24 00:00:00",491,-173
"2020-04-25 00:00:00",516,-123
"2020-04-26 00:00:00",466,-88
"2020-04-27 00:00:00",1191,-246
"2020-04-28 00:00:00",,
"2020-04-29 00:00:00",1111,-375
"2020-04-30 00:00:00",469,-119
"2020-05-01 00:00:00",425,-75
"2020-05-02 00:00:00",438,-117
"2020-05-03 00:00:00",432,-115
"2020-05-04 00:00:00",603,-163
"2020-05-05 00:00:00",480,-115
"2020-05-06 00:00:00",565,-126
"2020-05-07 00:00:00",430,-125
"2020-05-08 00:00:00",409,-117
"2020-05-09 00:00:00",399,-104
"2020-05-10 00:00:00",392,-148
"2020-05-11 00:00:00",,
"2020-05-12 00:00:00",878,-251
"2020-05-13 00:00:00",1048,-232
"2020-05-14 00:00:00",812,-98
"2020-05-15 00:00:00",456,-134
"2020-05-16 00:00:00",378,-98
"2020-05-17 00:00:00",,
"2020-05-18 00:00:00",891,-198
"2020-05-19 00:00:00",349,-90
"2020-05-20 00:00:00",423,-126
"2020-05-21 00:00:00",468,-125
"2020-05-22 00:00:00",383,-130
"2020-05-23 00:00:00",497,-123
"2020-05-24 00:00:00",556,-154
"2020-05-25 00:00:00",,
"2020-05-26 00:00:00",1947,-432
"2020-05-27 00:00:00",1555,-616
"2020-05-28 00:00:00",868,-318
"2020-05-29 00:00:00",709,-209
"2020-05-30 00:00:00",669,-211
"2020-05-31 00:00:00",477,-193
"2020-06-01 00:00:00",516,-170
"2020-06-02 00:00:00",521,-121
"2020-06-03 00:00:00",474,-148
"2020-06-04 00:00:00",523,-174
"2020-06-05 00:00:00",462,-170
"2020-06-06 00:00:00",1296,-160
"2020-06-07 00:00:00",535,-189
"2020-06-08 00:00:00",534,-165
"2020-06-09 00:00:00",501,-127
"2020-06-10 00:00:00",487,-169
"2020-06-11 00:00:00",458,-119
"2020-06-12 00:00:00",450,-112
"2020-06-13 00:00:00",441,-164
"2020-06-14 00:00:00",369,-144
"2020-06-15 00:00:00",1663,-138
"2020-06-16 00:00:00",480,-119
"2020-06-17 00:00:00",804,-345
"2020-06-18 00:00:00",465,-265
"2020-06-19 00:00:00",521,-342
"2020-06-20 00:00:00",398,-216
"2020-06-21 00:00:00",356,-172
"2020-06-22 00:00:00",,
"2020-06-23 00:00:00",362,-166
"2020-06-24 00:00:00",1289,-174
"2020-06-25 00:00:00",367,-126
"2020-06-26 00:00:00",681,-125
"2020-06-27 00:00:00",909,-144
"2020-06-28 00:00:00",1343,-253
"2020-06-29 00:00:00",,
"2020-06-30 00:00:00",1027,-161
"2020-07-01 00:00:00",1021,-270
"2020-07-02 00:00:00",476,-120
"2020-07-03 00:00:00",544,-100
"2020-07-04 00:00:00",348,-85
"2020-07-05 00:00:00",778,-166
"2020-07-06 00:00:00",570,-153
"2020-07-07 00:00:00",497,-162
"2020-07-08 00:00:00",397,-121
"2020-07-09 00:00:00",544,-126
"2020-07-10 00:00:00",394,-114
"2020-07-11 00:00:00",1168,-116
"2020-07-12 00:00:00",472,-305
"2020-07-13 00:00:00",442,-129
"2020-07-14 00:00:00",388,-168
"2020-07-15 00:00:00",427,-136
"2020-07-16 00:00:00",731,-251
"2020-07-17 00:00:00",528,-241
"2020-07-18 00:00:00",351,-157
"2020-07-19 00:00:00",427,-153
"2020-07-20 00:00:00",382,-106
"2020-07-21 00:00:00",421,-130
"2020-07-22 00:00:00",963,-181
"2020-07-23 00:00:00",657,-131
"2020-07-24 00:00:00",388,-116
"2020-07-25 00:00:00",,
"2020-07-26 00:00:00",735,-314
"2020-07-27 00:00:00",389,-132
"2020-07-28 00:00:00",328,-113
"2020-07-29 00:00:00",336,-128
"2020-07-30 00:00:00",290,-130
"2020-07-31 00:00:00",1187,-95
"2020-08-01 00:00:00",322,-100
"2020-08-02 00:00:00",481,-123
"2020-08-03 00:00:00",925,-117
"2020-08-04 00:00:00",364,-104
"2020-08-05 00:00:00",315,-89
"2020-08-06 00:00:00",240,-65
"2020-08-07 00:00:00",237,-68
"2020-08-08 00:00:00",186,-63
"2020-08-09 00:00:00",236,-86
"2020-08-10 00:00:00",392,-99
"2020-08-11 00:00:00",264,-66
"2020-08-12 00:00:00",307,-89
"2020-08-13 00:00:00",397,-122
"2020-08-14 00:00:00",481,-176
"2020-08-15 00:00:00",,
"2020-08-16 00:00:00",,
"2020-08-17 00:00:00",718,-197
"2020-08-18 00:00:00",380,-114
"2020-08-19 00:00:00",270,-74
"2020-08-20 00:00:00",311,-71
"2020-08-21 00:00:00",286,-90
"2020-08-22 00:00:00",294,-106
"2020-08-23 00:00:00",1435,-84
"2020-08-24 00:00:00",439,-103
"2020-08-25 00:00:00",273,-78
"2020-08-26 00:00:00",265,-76
"2020-08-27 00:00:00",294,-105
"2020-08-28 00:00:00",362,-85
"2020-08-29 00:00:00",336,-101
"2020-08-30 00:00:00",289,-88
"2020-08-31 00:00:00",487,-124
"2020-09-01 00:00:00",261,-65
"2020-09-02 00:00:00",252,-98
"2020-09-03 00:00:00",243,-71
"2020-09-04 00:00:00",255,-85
"2020-09-05 00:00:00",556,-173
"2020-09-06 00:00:00",415,-146
"2020-09-07 00:00:00",368,-111
"2020-09-08 00:00:00",279,-87
"2020-09-09 00:00:00",271,-69
"2020-09-10 00:00:00",471,-81
"2020-09-11 00:00:00",289,-83
"2020-09-12 00:00:00",299,-92
"2020-09-13 00:00:00",309,-91
"2020-09-14 00:00:00",275,-89
"2020-09-15 00:00:00",312,-76
"2020-09-16 00:00:00",493,-181
"2020-09-17 00:00:00",353,-128
"2020-09-18 00:00:00",322,-83
"2020-09-19 00:00:00",264,-75
"2020-09-20 00:00:00",247,-85
"2020-09-21 00:00:00",377,-58
"2020-09-22 00:00:00",344,-75
"2020-09-23 00:00:00",536,-79
"2020-09-24 00:00:00",216,-69
"2020-09-25 00:00:00",194,-82
"2020-09-26 00:00:00",418,-49
"2020-09-27 00:00:00",223,-65
"2020-09-28 00:00:00",243,-51
"2020-09-29 00:00:00",188,-76
"2020-09-30 00:00:00",250,-44
"2020-10-01 00:00:00",239,-46
"2020-10-02 00:00:00",221,-82
"2020-10-03 00:00:00",324,-81
"2020-10-04 00:00:00",262,-59
"2020-10-05 00:00:00",255,-76
"2020-10-06 00:00:00",217,-70
"2020-10-07 00:00:00",249,-42
"2020-10-08 00:00:00",256,-75
"2020-10-09 00:00:00",263,-76
"2020-10-10 00:00:00",280,-79
"2020-10-11 00:00:00",511,-102
"2020-10-12 00:00:00",,
"2020-10-13 00:00:00",1296,-145
"2020-10-14 00:00:00",349,-93
"2020-10-15 00:00:00",274,-77
"2020-10-16 00:00:00",336,-97
"2020-10-17 00:00:00",346,-104
"2020-10-18 00:00:00",324,-133
"2020-10-19 00:00:00",,
"2020-10-20 00:00:00",653,-153
"2020-10-21 00:00:00",358,-114
"2020-10-22 00:00:00",329,-89
"2020-10-23 00:00:00",230,-74
"2020-10-24 00:00:00",246,-101
"2020-10-25 00:00:00",296,-57
"2020-10-26 00:00:00",515,-104
"2020-10-27 00:00:00",347,-100
"2020-10-28 00:00:00",265,-66
"2020-10-29 00:00:00",235,-87
"2020-10-30 00:00:00",520,-153
"2020-10-31 00:00:00",531,-144
"2020-11-01 00:00:00",473,-148
"2020-11-02 00:00:00",460,-91
"2020-11-03 00:00:00",504,-135
"2020-11-04 00:00:00",653,-144
"2020-11-05 00:00:00",455,-120
"2020-11-06 00:00:00",471,-129
"2020-11-07 00:00:00",427,-135
"2020-11-08 00:00:00",393,-104
"2020-11-09 00:00:00",445,-126
"2020-11-10 00:00:00",494,-103
"2020-11-11 00:00:00",604,-144
"2020-11-12 00:00:00",369,-121
"2020-11-13 00:00:00",412,-136
"2020-11-14 00:00:00",351,-56
"2020-11-15 00:00:00",302,-96
"2020-11-16 00:00:00",423,-125
"2020-11-17 00:00:00",403,-119
"2020-11-18 00:00:00",523,-65
"2020-11-19 00:00:00",354,-86
"2020-11-20 00:00:00",280,-87
"2020-11-21 00:00:00",357,-86
"2020-11-22 00:00:00",435,-99
"2020-11-23 00:00:00",814,-190
"2020-11-24 00:00:00",247,-105
"2020-11-25 00:00:00",307,-99
"2020-11-26 00:00:00",3528,-309
"2020-11-27 00:00:00",2290,-200
"2020-11-28 00:00:00",1538,-170
"2020-11-29 00:00:00",1365,-190
"2020-11-30 00:00:00",3140,-264
"2020-12-01 00:00:00",971,-157
"2020-12-02 00:00:00",510,-109
"2020-12-03 00:00:00",302,-98
"2020-12-04 00:00:00",312,-107
"2020-12-05 00:00:00",402,-123
"2020-12-06 00:00:00",552,-128
"2020-12-07 00:00:00",350,-112
"2020-12-08 00:00:00",465,-96
"2020-12-09 00:00:00",373,-91
"2020-12-10 00:00:00",383,-119
"2020-12-11 00:00:00",434,-100
"2020-12-12 00:00:00",353,-96
"2020-12-13 00:00:00",450,-149
"2020-12-14 00:00:00",,
"2020-12-15 00:00:00",482,-115
"2020-12-16 00:00:00",389,-102
"2020-12-17 00:00:00",740,-207
"2020-12-18 00:00:00",721,-224
"2020-12-19 00:00:00",507,-153
"2020-12-20 00:00:00",817,-159
"2020-12-21 00:00:00",597,-141
"2020-12-22 00:00:00",378,-143
"2020-12-23 00:00:00",538,-151
"2020-12-24 00:00:00",459,-93
"2020-12-25 00:00:00",486,-110
"2020-12-26 00:00:00",516,-124
"2020-12-27 00:00:00",549,-116
"2020-12-28 00:00:00",432,-93
"2020-12-29 00:00:00",457,-127
"2020-12-30 00:00:00",370,-107
"2020-12-31 00:00:00",358,-125
"2021-01-01 00:00:00",,
"2021-01-02 00:00:00",701,-170
"2021-01-03 00:00:00",421,-132
"2021-01-04 00:00:00",434,-117
"2021-01-05 00:00:00",452,-102
"2021-01-06 00:00:00",416,-121
"2021-01-07 00:00:00",394,-122
"2021-01-08 00:00:00",737,-209
"2021-01-09 00:00:00",326,-103
"2021-01-10 00:00:00",275,-75
"2021-01-11 00:00:00",478,-113
"2021-01-12 00:00:00",351,-88
"2021-01-13 00:00:00",334,-118
"2021-01-14 00:00:00",391,-84
"2021-01-15 00:00:00",338,-105
"2021-01-16 00:00:00",441,-99
"2021-01-17 00:00:00",715,-230
"2021-01-18 00:00:00",414,-137
"2021-01-19 00:00:00",370,-105
"2021-01-20 00:00:00",551,-144
"2021-01-21 00:00:00",395,-122
"2021-01-22 00:00:00",268,-91
"2021-01-23 00:00:00",427,-92
"2021-01-24 00:00:00",313,-96
"2021-01-25 00:00:00",422,-146
"2021-01-26 00:00:00",394,-90
"2021-01-27 00:00:00",415,-98
"2021-01-28 00:00:00",306,-113
"2021-01-29 00:00:00",347,-88
"2021-01-30 00:00:00",361,-136
"2021-01-31 00:00:00",421,-132
"2021-02-01 00:00:00",,
"2021-02-02 00:00:00",842,-229
"2021-02-03 00:00:00",373,-87
"2021-02-04 00:00:00",756,-191
"2021-02-05 00:00:00",309,-79
"2021-02-06 00:00:00",345,-80
"2021-02-07 00:00:00",325,-116
"2021-02-08 00:00:00",394,-92
"2021-02-09 00:00:00",502,-179
"2021-02-10 00:00:00",368,-126
"2021-02-11 00:00:00",347,-80
"2021-02-12 00:00:00",,
"2021-02-13 00:00:00",920,-272
"2021-02-14 00:00:00",,
"2021-02-15 00:00:00",,
"2021-02-16 00:00:00",874,-249
"2021-02-17 00:00:00",,
"2021-02-18 00:00:00",,
"2021-02-19 00:00:00",1231,-341
"2021-02-20 00:00:00",675,-137
"2021-02-21 00:00:00",,
"2021-02-22 00:00:00",552,-149
"2021-02-23 00:00:00",513,-141
"2021-02-24 00:00:00",264,-64
"2021-02-25 00:00:00",250,-70
"2021-02-26 00:00:00",,
"2021-02-27 00:00:00",622,-151
"2021-02-28 00:00:00",550,-181
"2021-03-01 00:00:00",268,-76
"2021-03-02 00:00:00",339,-117
"2021-03-03 00:00:00",246,-86
"2021-03-04 00:00:00",298,-75
"2021-03-05 00:00:00",284,-82
"2021-03-06 00:00:00",328,-80
"2021-03-07 00:00:00",601,-200
"2021-03-08 00:00:00",316,-116
"2021-03-09 00:00:00",333,-97
"2021-03-10 00:00:00",,
"2021-03-11 00:00:00",444,-120
"2021-03-12 00:00:00",398,-86
"2021-03-13 00:00:00",252,-92
"2021-03-14 00:00:00",568,-169
"2021-03-15 00:00:00",257,-64
"2021-03-16 00:00:00",296,-69
"2021-03-17 00:00:00",513,-100
"2021-03-18 00:00:00",248,-58
"2021-03-19 00:00:00",471,-136
"2021-03-20 00:00:00",228,-87
"2021-03-21 00:00:00",296,-58
"2021-03-22 00:00:00",395,-121
"2021-03-23 00:00:00",266,-103
"2021-03-24 00:00:00",444,-120
"2021-03-25 00:00:00",333,-106
"2021-03-26 00:00:00",832,-227
"2021-03-27 00:00:00",376,-88
"2021-03-28 00:00:00",662,-183
"2021-03-29 00:00:00",266,-79
"2021-03-30 00:00:00",609,-149
"2021-03-31 00:00:00",231,-62
"2021-04-01 00:00:00",344,-103
"2021-04-02 00:00:00",534,-137
"2021-04-03 00:00:00",321,-110
"2021-04-04 00:00:00",529,-125
"2021-04-05 00:00:00",301,-89
"2021-04-06 00:00:00",492,-117
"2021-04-07 00:00:00",293,-96
"2021-04-08 00:00:00",524,-121
"2021-04-09 00:00:00",260,-56
"2021-04-10 00:00:00",798,-244
"2021-04-11 00:00:00",387,-165
"2021-04-12 00:00:00",597,-211
"2021-04-13 00:00:00",249,-86
"2021-04-14 00:00:00",571,-177
"2021-04-15 00:00:00",340,-82
"2021-04-16 00:00:00",290,-80
"2021-04-17 00:00:00",542,-144
"2021-04-18 00:00:00",258,-78
"2021-04-19 00:00:00",590,-142
"2021-04-20 00:00:00",298,-76
"2021-04-21 00:00:00",279,-71
"2021-04-22 00:00:00",437,-92
"2021-04-23 00:00:00",260,-52
"2021-04-24 00:00:00",475,-148
"2021-04-25 00:00:00",258,-50
"2021-04-26 00:00:00",338,-93
"2021-04-27 00:00:00",457,-121
"2021-04-28 00:00:00",315,-80
"2021-04-29 00:00:00",471,-142
"2021-04-30 00:00:00",205,-72
"2021-05-01 00:00:00",275,-69
"2021-05-02 00:00:00",426,-117
"2021-05-03 00:00:00",260,-64
"2021-05-04 00:00:00",488,-121
"2021-05-05 00:00:00",248,-66
"2021-05-06 00:00:00",488,-181
"2021-05-07 00:00:00",171,-58
"2021-05-08 00:00:00",472,-103
"2021-05-09 00:00:00",236,-85
"2021-05-10 00:00:00",334,-68
"2021-05-11 00:00:00",425,-96
"2021-05-12 00:00:00",439,-65
"2021-05-13 00:00:00",372,-272
"2021-05-14 00:00:00",271,-88
"2021-05-15 00:00:00",451,-148
"2021-05-16 00:00:00",272,-68
"2021-05-17 00:00:00",450,-113
"2021-05-18 00:00:00",292,-67
"2021-05-19 00:00:00",516,-96
"2021-05-20 00:00:00",272,-62
"2021-05-21 00:00:00",470,-112
"2021-05-22 00:00:00",207,-51
"2021-05-23 00:00:00",506,-159
"2021-05-24 00:00:00",195,-68
"2021-05-25 00:00:00",276,-77
"2021-05-26 00:00:00",483,-108
"2021-05-27 00:00:00",269,-85
"2021-05-28 00:00:00",430,-106
"2021-05-29 00:00:00",305,-82
"2021-05-30 00:00:00",539,-157
"2021-05-31 00:00:00",208,-68
"2021-06-01 00:00:00",312,-72
"2021-06-02 00:00:00",699,-161
"2021-06-03 00:00:00",240,-61
"2021-06-04 00:00:00",463,-112
"2021-06-05 00:00:00",258,-65
"2021-06-06 00:00:00",279,-80
"2021-06-07 00:00:00",428,-124
"2021-06-08 00:00:00",231,-81
"2021-06-09 00:00:00",312,-70
"2021-06-10 00:00:00",434,-91
"2021-06-11 00:00:00",277,-58
"2021-06-12 00:00:00",445,-90
"2021-06-13 00:00:00",240,-69
"2021-06-14 00:00:00",487,-120
"2021-06-15 00:00:00",183,-76
"2021-06-16 00:00:00",278,-77
"2021-06-17 00:00:00",453,-108
"2021-06-18 00:00:00",219,-72
"2021-06-19 00:00:00",556,-119
"2021-06-20 00:00:00",215,-53
"2021-06-21 00:00:00",328,-69
"2021-06-22 00:00:00",401,-116
"2021-06-23 00:00:00",292,-72
"2021-06-24 00:00:00",754,-323
"2021-06-25 00:00:00",428,-182
"2021-06-26 00:00:00",418,-158
"2021-06-27 00:00:00",876,-253
"2021-06-28 00:00:00",343,-85
"2021-06-29 00:00:00",383,-105
"2021-06-30 00:00:00",747,-189
"2021-07-01 00:00:00",383,-101
"2021-07-02 00:00:00",666,-153
"2021-07-03 00:00:00",293,-74
"2021-07-04 00:00:00",335,-97
"2021-07-05 00:00:00",532,-129
"2021-07-06 00:00:00",394,-111
"2021-07-07 00:00:00",672,-134
"2021-07-08 00:00:00",333,-86
"2021-07-09 00:00:00",601,-188
"2021-07-10 00:00:00",251,-76
"2021-07-11 00:00:00",346,-98
"2021-07-12 00:00:00",518,-135
"2021-07-13 00:00:00",312,-129
"2021-07-14 00:00:00",615,-174
"2021-07-15 00:00:00",276,-70
"2021-07-16 00:00:00",329,-71
"2021-07-17 00:00:00",601,-154
"2021-07-18 00:00:00",288,-105
"2021-07-19 00:00:00",571,-142
"2021-07-20 00:00:00",230,-78
"2021-07-21 00:00:00",529,-139
"2021-07-22 00:00:00",270,-77
"2021-07-23 00:00:00",550,-145
"2021-07-24 00:00:00",269,-70
"2021-07-25 00:00:00",337,-82
"2021-07-26 00:00:00",472,-118
"2021-07-27 00:00:00",258,-80
"2021-07-28 00:00:00",446,-140
"2021-07-29 00:00:00",210,-101
"2021-07-30 00:00:00",523,-126
"2021-07-31 00:00:00",327,-98
"2021-08-01 00:00:00",314,-81
"2021-08-02 00:00:00",439,-128
"2021-08-03 00:00:00",270,-78
"2021-08-04 00:00:00",614,-191
"2021-08-05 00:00:00",276,-95
"2021-08-06 00:00:00",391,-97
"2021-08-07 00:00:00",530,-148
"2021-08-08 00:00:00",374,-81
"2021-08-09 00:00:00",575,-149
"2021-08-10 00:00:00",300,-82
"2021-08-11 00:00:00",289,-117
"2021-08-12 00:00:00",566,-147
"2021-08-13 00:00:00",346,-113
"2021-08-14 00:00:00",452,-113
"2021-08-15 00:00:00",649,-151
"2021-08-16 00:00:00",304,-87
"2021-08-17 00:00:00",599,-159
"2021-08-18 00:00:00",467,-110
"2021-08-19 00:00:00",496,-125
"2021-08-20 00:00:00",366,-99
"2021-08-21 00:00:00",792,-221
"2021-08-22 00:00:00",319,-111
"2021-08-23 00:00:00",384,-105
"2021-08-24 00:00:00",258,-101
"2021-08-25 00:00:00",365,-120
"2021-08-26 00:00:00",695,-189
"2021-08-27 00:00:00",319,-76
"2021-08-28 00:00:00",356,-93
"2021-08-29 00:00:00",384,-97
"2021-08-30 00:00:00",378,-126
"2021-08-31 00:00:00",389,-126
"2021-09-01 00:00:00",381,-123
"2021-09-02 00:00:00",419,-112
"2021-09-03 00:00:00",356,-119
"2021-09-04 00:00:00",706,-202
"2021-09-05 00:00:00",417,-86
"2021-09-06 00:00:00",280,-82
"2021-09-07 00:00:00",341,-93
"2021-09-08 00:00:00",318,-92
"2021-09-09 00:00:00",524,-84
"2021-09-10 00:00:00",713,-154
"2021-09-11 00:00:00",454,-115
"2021-09-12 00:00:00",518,-108
"2021-09-13 00:00:00",363,-91
"2021-09-14 00:00:00",355,-72
"2021-09-15 00:00:00",344,-93
"2021-09-16 00:00:00",530,-115
"2021-09-17 00:00:00",1021,-260
"2021-09-18 00:00:00",517,-94
"2021-09-19 00:00:00",430,-118
"2021-09-20 00:00:00",377,-75
"2021-09-21 00:00:00",546,-99
"2021-09-22 00:00:00",431,-105
"2021-09-23 00:00:00",374,-93
"2021-09-24 00:00:00",446,-121
"2021-09-25 00:00:00",458,-124
"2021-09-26 00:00:00",932,-227
"2021-09-27 00:00:00",336,-97
"2021-09-28 00:00:00",353,-86
"2021-09-29 00:00:00",343,-96
"2021-09-30 00:00:00",356,-80
"2021-10-01 00:00:00",349,-112
"2021-10-02 00:00:00",417,-160
"2021-10-03 00:00:00",668,-127
"2021-10-04 00:00:00",830,-191
"2021-10-05 00:00:00",332,-71
"2021-10-06 00:00:00",416,-97
"2021-10-07 00:00:00",446,-108
"2021-10-08 00:00:00",334,-336
"2021-10-09 00:00:00",304,-155
"2021-10-10 00:00:00",470,-99
"2021-10-11 00:00:00",962,-196
"2021-10-12 00:00:00",404,-68
"2021-10-13 00:00:00",360,-68
"2021-10-14 00:00:00",639,-137
"2021-10-15 00:00:00",543,-73
"2021-10-16 00:00:00",416,-39
"2021-10-17 00:00:00",374,-90
"2021-10-18 00:00:00",469,-373
"2021-10-19 00:00:00",529,-486
"2021-10-20 00:00:00",522,-401
"2021-10-21 00:00:00",816,-530
"2021-10-22 00:00:00",524,-147
"2021-10-23 00:00:00",357,-130
"2021-10-24 00:00:00",522,-156
"2021-10-25 00:00:00",517,-121
"2021-10-26 00:00:00",411,-127
"2021-10-27 00:00:00",493,-86
"2021-10-28 00:00:00",726,-170
"2021-10-29 00:00:00",566,-147
"2021-10-30 00:00:00",835,-235
"2021-10-31 00:00:00",540,-187
"2021-11-01 00:00:00",655,-165
"2021-11-02 00:00:00",580,-185
"2021-11-03 00:00:00",648,-152
"2021-11-04 00:00:00",682,-205
"2021-11-05 00:00:00",1024,-266
"2021-11-06 00:00:00",470,-157
"2021-11-07 00:00:00",483,-132
"2021-11-08 00:00:00",411,-82
"2021-11-09 00:00:00",361,-75
"2021-11-10 00:00:00",419,-99
"2021-11-11 00:00:00",418,-90
"2021-11-12 00:00:00",394,-121
"2021-11-13 00:00:00",920,-232
"2021-11-14 00:00:00",377,-95
"2021-11-15 00:00:00",317,-90
"2021-11-16 00:00:00",420,-120
"2021-11-17 00:00:00",485,-153
"2021-11-18 00:00:00",507,-156
"2021-11-19 00:00:00",946,-280
"2021-11-20 00:00:00",512,-122
"2021-11-21 00:00:00",462,-168
"2021-11-22 00:00:00",446,-98
"2021-11-23 00:00:00",445,-97
"2021-11-24 00:00:00",418,-116
"2021-11-25 00:00:00",3238,-348
"2021-11-26 00:00:00",2985,-386
"2021-11-27 00:00:00",2070,-347
"2021-11-28 00:00:00",1901,-299
"2021-11-29 00:00:00",1492,-220
"2021-11-30 00:00:00",2534,-442
"2021-12-01 00:00:00",969,-140
"2021-12-02 00:00:00",469,-100
"2021-12-03 00:00:00",443,-115
"2021-12-04 00:00:00",525,-128
"2021-12-05 00:00:00",478,-162
"2021-12-06 00:00:00",422,-116
"2021-12-07 00:00:00",451,-114
"2021-12-08 00:00:00",874,-226
"2021-12-09 00:00:00",572,-80
"2021-12-10 00:00:00",330,-99
"2021-12-11 00:00:00",418,-134
"2021-12-12 00:00:00",439,-150
"2021-12-13 00:00:00",511,-93
"2021-12-14 00:00:00",346,-108
"2021-12-15 00:00:00",1213,-262
"2021-12-16 00:00:00",577,-139
"2021-12-17 00:00:00",465,-138
"2021-12-18 00:00:00",450,-130
"2021-12-19 00:00:00",465,-154
"2021-12-20 00:00:00",704,-90
"2021-12-21 00:00:00",373,-77
"2021-12-22 00:00:00",418,-115
"2021-12-23 00:00:00",397,-138
"2021-12-24 00:00:00",817,-222
"2021-12-25 00:00:00",476,-124
"2021-12-26 00:00:00",497,-132
"2021-12-27 00:00:00",500,-130
"2021-12-28 00:00:00",,
"2021-12-29 00:00:00",454,-121
"2021-12-30 00:00:00",473,-121
"2021-12-31 00:00:00",589,-136
"2022-01-01 00:00:00",,
"2022-01-02 00:00:00",970,-206
"2022-01-03 00:00:00",424,-131
"2022-01-04 00:00:00",468,-159
"2022-01-05 00:00:00",547,-128
"2022-01-06 00:00:00",520,-153
"2022-01-07 00:00:00",417,-115
"2022-01-08 00:00:00",940,-266
"2022-01-09 00:00:00",451,-109
"2022-01-10 00:00:00",397,-73
"2022-01-11 00:00:00",345,-116
"2022-01-12 00:00:00",471,-122
"2022-01-13 00:00:00",509,-145
"2022-01-14 00:00:00",427,-116
"2022-01-15 00:00:00",513,-153
"2022-01-16 00:00:00",563,-166
"2022-01-17 00:00:00",486,-149
"2022-01-18 00:00:00",719,-104
"2022-01-19 00:00:00",471,-151
"2022-01-20 00:00:00",580,-156
"2022-01-21 00:00:00",981,-262
"2022-01-22 00:00:00",482,-149
"2022-01-23 00:00:00",462,-138
"2022-01-24 00:00:00",554,-159
"2022-01-25 00:00:00",501,-158
"2022-01-26 00:00:00",443,-180
"2022-01-27 00:00:00",460,-171
"2022-01-28 00:00:00",524,-208
"2022-01-29 00:00:00",565,-195
"2022-01-30 00:00:00",612,-227
"2022-01-31 00:00:00",,
"2022-02-01 00:00:00",736,-256
"2022-02-02 00:00:00",558,-205
"2022-02-03 00:00:00",527,-159
"2022-02-04 00:00:00",1145,-345
"2022-02-05 00:00:00",524,-156
"2022-02-06 00:00:00",421,-161
"2022-02-07 00:00:00",434,-142
"2022-02-08 00:00:00",444,-133
"2022-02-09 00:00:00",506,-156
"2022-02-10 00:00:00",481,-152
"2022-02-11 00:00:00",423,-160
"2022-02-12 00:00:00",467,-186
"2022-02-13 00:00:00",547,-184
"2022-02-14 00:00:00",437,-163
"2022-02-15 00:00:00",410,-147
"2022-02-16 00:00:00",427,-121
"2022-02-17 00:00:00",475,-147
"2022-02-18 00:00:00",454,-154
"2022-02-19 00:00:00",1033,-298
"2022-02-20 00:00:00",479,-148
"2022-02-21 00:00:00",485,-156
"2022-02-22 00:00:00",540,-190
"2022-02-23 00:00:00",,
"2022-02-24 00:00:00",1272,-418
"2022-02-25 00:00:00",608,-394
"2022-02-26 00:00:00",659,-223
"2022-02-27 00:00:00",1049,-359
"2022-02-28 00:00:00",365,-133
"2022-03-01 00:00:00",499,-133
"2022-03-02 00:00:00",372,-105
"2022-03-03 00:00:00",417,-120
"2022-03-04 00:00:00",387,-123
"2022-03-05 00:00:00",399,-124
"2022-03-06 00:00:00",451,-141
"2022-03-07 00:00:00",453,-162
"2022-03-08 00:00:00",518,-126
"2022-03-09 00:00:00",494,-182
"2022-03-10 00:00:00",570,-123
"2022-03-11 00:00:00",480,-126
"2022-03-12 00:00:00",457,-131
"2022-03-13 00:00:00",595,-176
"2022-03-14 00:00:00",500,-144
"2022-03-15 00:00:00",924,-240
"2022-03-16 00:00:00",458,-117
"2022-03-17 00:00:00",436,-130
"2022-03-18 00:00:00",478,-128
"2022-03-19 00:00:00",538,-159
"2022-03-20 00:00:00",483,-174
"2022-03-21 00:00:00",404,-105
"2022-03-22 00:00:00",585,-169
"2022-03-23 00:00:00",410,-110
"2022-03-24 00:00:00",404,-113
"2022-03-25 00:00:00",568,-160
"2022-03-26 00:00:00",546,-183
"2022-03-27 00:00:00",542,-179
"2022-03-28 00:00:00",424,-125
"2022-03-29 00:00:00",413,-168
"2022-03-30 00:00:00",461,-96
"2022-03-31 00:00:00",1016,-263
"2022-04-01 00:00:00",400,-164
"2022-04-02 00:00:00",430,-147
"2022-04-03 00:00:00",482,-230
"2022-04-04 00:00:00",378,-154
"2022-04-05 00:00:00",418,-149
"2022-04-06 00:00:00",513,-111
"2022-04-07 00:00:00",434,-119
"2022-04-08 00:00:00",392,-98
"2022-04-09 00:00:00",373,-182
"2022-04-10 00:00:00",453,-133
"2022-04-11 00:00:00",429,-122
"2022-04-12 00:00:00",332,-130
"2022-04-13 00:00:00",429,-151
"2022-04-14 00:00:00",478,-129
"2022-04-15 00:00:00",787,-249
"2022-04-16 00:00:00",379,-107
"2022-04-17 00:00:00",427,-143
"2022-04-18 00:00:00",484,-123
"2022-04-19 00:00:00",412,-117
"2022-04-20 00:00:00",438,-131
"2022-04-21 00:00:00",464,-114
"2022-04-22 00:00:00",444,-129
"2022-04-23 00:00:00",501,-129
"2022-04-24 00:00:00",431,-126
"2022-04-25 00:00:00",403,-114
"2022-04-26 00:00:00",481,-136
"2022-04-27 00:00:00",808,-264
"2022-04-28 00:00:00",332,-90
"2022-04-29 00:00:00",378,-120
"2022-04-30 00:00:00",389,-155
"2022-05-01 00:00:00",497,-151
"2022-05-02 00:00:00",,
"2022-05-03 00:00:00",833,-223
"2022-05-04 00:00:00",406,-138
"2022-05-05 00:00:00",620,-207
"2022-05-06 00:00:00",532,-132
"2022-05-07 00:00:00",467,-145
"2022-05-08 00:00:00",1125,-312
"2022-05-09 00:00:00",339,-76
"2022-05-10 00:00:00",509,-159
"2022-05-11 00:00:00",393,-118
"2022-05-12 00:00:00",430,-155
"2022-05-13 00:00:00",454,-144
"2022-05-14 00:00:00",467,-118
"2022-05-15 00:00:00",479,-185
"2022-05-16 00:00:00",418,-102
"2022-05-17 00:00:00",425,-145
"2022-05-18 00:00:00",458,-114
"2022-05-19 00:00:00",380,-131
"2022-05-20 00:00:00",369,-126
"2022-05-21 00:00:00",402,-147
"2022-05-22 00:00:00",451,-155
"2022-05-23 00:00:00",424,-130
"2022-05-24 00:00:00",462,-167
"2022-05-25 00:00:00",513,-158
"2022-05-26 00:00:00",521,-135
"2022-05-27 00:00:00",468,-142
"2022-05-28 00:00:00",554,-165
"2022-05-29 00:00:00",441,-150
"2022-05-30 00:00:00",373,-145
"2022-05-31 00:00:00",854,-284
"2022-06-01 00:00:00",386,-120
"2022-06-02 00:00:00",570,-159
"2022-06-03 00:00:00",410,-157
"2022-06-04 00:00:00",463,-177
"2022-06-05 00:00:00",426,-154
"2022-06-06 00:00:00",396,-145
"2022-06-07 00:00:00",433,-182
"2022-06-08 00:00:00",409,-218
"2022-06-09 00:00:00",529,-210
"2022-06-10 00:00:00",426,-269
"2022-06-11 00:00:00",490,-319
"2022-06-12 00:00:00",467,-330
"2022-06-13 00:00:00",414,-355
"2022-06-14 00:00:00",416,-452
"2022-06-15 00:00:00",460,-441
"2022-06-16 00:00:00",482,-361
"2022-06-17 00:00:00",466,-200
"2022-06-18 00:00:00",1140,-323
"2022-06-19 00:00:00",369,-139
"2022-06-20 00:00:00",429,-155
"2022-06-21 00:00:00",584,-193
"2022-06-22 00:00:00",518,-160
"2022-06-23 00:00:00",431,-180
"2022-06-24 00:00:00",461,-189
"2022-06-25 00:00:00",515,-134
"2022-06-26 00:00:00",469,-164
"2022-06-27 00:00:00",437,-127
"2022-06-28 00:00:00",413,-120
"2022-06-29 00:00:00",203,-136
"2022-06-30 00:00:00",410,-158
"2022-07-01 00:00:00",467,-178
"2022-07-02 00:00:00",353,-129
"2022-07-03 00:00:00",389,-171
"2022-07-04 00:00:00",335,-135
"2022-07-05 00:00:00",352,-143
"2022-07-06 00:00:00",395,-164
"2022-07-07 00:00:00",414,-173
"2022-07-08 00:00:00",355,-122
"2022-07-09 00:00:00",248,-113
"2022-07-10 00:00:00",385,-134
"2022-07-11 00:00:00",371,-125
"2022-07-12 00:00:00",368,-110
"2022-07-13 00:00:00",437,-138
"2022-07-14 00:00:00",585,-78
"2022-07-15 00:00:00",398,-145
"2022-07-16 00:00:00",344,-138
"2022-07-17 00:00:00",370,-138
"2022-07-18 00:00:00",341,-119
"2022-07-19 00:00:00",370,-117
"2022-07-20 00:00:00",398,-118
"2022-07-21 00:00:00",346,-134
"2022-07-22 00:00:00",357,-136
"2022-07-23 00:00:00",328,-146
"2022-07-24 00:00:00",363,-138
"2022-07-25 00:00:00",337,-121
"2022-07-26 00:00:00",353,-106
"2022-07-27 00:00:00",349,-134
"2022-07-28 00:00:00",415,-171
"2022-07-29 00:00:00",489,-170
"2022-07-30 00:00:00",409,-164
"2022-07-31 00:00:00",354,-143
"2022-08-01 00:00:00",395,-117
"2022-08-02 00:00:00",397,-133
"2022-08-03 00:00:00",377,-105
"2022-08-04 00:00:00",464,-135
"2022-08-05 00:00:00",420,-132
"2022-08-06 00:00:00",373,-104
"2022-08-07 00:00:00",432,-138
"2022-08-08 00:00:00",618,-145
"2022-08-09 00:00:00",537,-142
"2022-08-10 00:00:00",493,-146
"2022-08-11 00:00:00",468,-163
"2022-08-12 00:00:00",404,-135
"2022-08-13 00:00:00",411,-112
"2022-08-14 00:00:00",346,-148
"2022-08-15 00:00:00",370,-131
"2022-08-16 00:00:00",553,-170
"2022-08-17 00:00:00",427,-141
"2022-08-18 00:00:00",453,-162
"2022-08-19 00:00:00",418,-119
"2022-08-20 00:00:00",397,-157
"2022-08-21 00:00:00",402,-168
"2022-08-22 00:00:00",423,-134
"2022-08-23 00:00:00",407,-137
"2022-08-24 00:00:00",491,-206
"2022-08-25 00:00:00",565,-211
"2022-08-26 00:00:00",558,-143
"2022-08-27 00:00:00",443,-141
"2022-08-28 00:00:00",557,-189
"2022-08-29 00:00:00",747,-218
"2022-08-30 00:00:00",,
"2022-08-31 00:00:00",554,-148
"2022-09-01 00:00:00",,
"2022-09-02 00:00:00",1473,-416
"2022-09-03 00:00:00",845,-343
"2022-09-04 00:00:00",721,-194
"2022-09-05 00:00:00",630,-174
"2022-09-06 00:00:00",573,-172
"2022-09-07 00:00:00",414,-145
"2022-09-08 00:00:00",507,-169
"2022-09-09 00:00:00",528,-197
"2022-09-10 00:00:00",419,-144
"2022-09-11 00:00:00",474,-151
"2022-09-12 00:00:00",431,-167
"2022-09-13 00:00:00",453,-128
"2022-09-14 00:00:00",,
"2022-09-15 00:00:00",1000,-286
"2022-09-16 00:00:00",648,-134
"2022-09-17 00:00:00",602,-150
"2022-09-18 00:00:00",563,-170
"2022-09-19 00:00:00",438,-154
"2022-09-20 00:00:00",517,-111
"2022-09-21 00:00:00",567,-167
"2022-09-22 00:00:00",479,-152
"2022-09-23 00:00:00",459,-160
"2022-09-24 00:00:00",578,-184
"2022-09-25 00:00:00",631,-226
"2022-09-26 00:00:00",474,-148
"2022-09-27 00:00:00",436,-118
"2022-09-28 00:00:00",545,-149
"2022-09-29 00:00:00",543,-151
"2022-09-30 00:00:00",718,-235
"2022-10-01 00:00:00",649,-191
"2022-10-02 00:00:00",420,-132
"2022-10-03 00:00:00",444,-122
"2022-10-04 00:00:00",443,-108
"2022-10-05 00:00:00",489,-92
"2022-10-06 00:00:00",496,-142
"2022-10-07 00:00:00",478,-168
"2022-10-08 00:00:00",,
"2022-10-09 00:00:00",541,-175
"2022-10-10 00:00:00",452,-114
"2022-10-11 00:00:00",415,-78
"2022-10-12 00:00:00",395,-98
"2022-10-13 00:00:00",433,-131
"2022-10-14 00:00:00",537,-125
"2022-10-15 00:00:00",481,-167
"2022-10-16 00:00:00",521,-150
"2022-10-17 00:00:00",429,-151
"2022-10-18 00:00:00",460,-139
"2022-10-19 00:00:00",806,-122
"2022-10-20 00:00:00",551,-164
"2022-10-21 00:00:00",417,-138
"2022-10-22 00:00:00",554,-161
"2022-10-23 00:00:00",,
"2022-10-24 00:00:00",508,-143
"2022-10-25 00:00:00",493,-128
"2022-10-26 00:00:00",422,-122
"2022-10-27 00:00:00",1484,-237
"2022-10-28 00:00:00",1986,-423
"2022-10-29 00:00:00",1429,-664
"2022-10-30 00:00:00",1028,-236
"2022-10-31 00:00:00",852,-232
"2022-11-01 00:00:00",1047,-312
"2022-11-02 00:00:00",744,-226
"2022-11-03 00:00:00",1091,-318
"2022-11-04 00:00:00",1507,-554
"2022-11-05 00:00:00",,
"2022-11-06 00:00:00",838,-253
"2022-11-07 00:00:00",646,-236
"2022-11-08 00:00:00",711,-166
"2022-11-09 00:00:00",759,-206
"2022-11-10 00:00:00",534,-170
"2022-11-11 00:00:00",549,-183
"2022-11-12 00:00:00",666,-173
"2022-11-13 00:00:00",,
"2022-11-14 00:00:00",,
"2022-11-15 00:00:00",1026,-289
"2022-11-16 00:00:00",460,-133
"2022-11-17 00:00:00",504,-131
"2022-11-18 00:00:00",590,-147
"2022-11-19 00:00:00",513,-163
"2022-11-20 00:00:00",566,-172
"2022-11-21 00:00:00",448,-150
"2022-11-22 00:00:00",446,-126
"2022-11-23 00:00:00",2412,-329
"2022-11-24 00:00:00",4526,-524
"2022-11-25 00:00:00",3543,-335
"2022-11-26 00:00:00",2414,-296
"2022-11-27 00:00:00",1987,-322
"2022-11-28 00:00:00",1417,-274
"2022-11-29 00:00:00",1921,-333
"2022-11-30 00:00:00",815,-181
"2022-12-01 00:00:00",493,-138
"2022-12-02 00:00:00",616,-184
"2022-12-03 00:00:00",506,-155
"2022-12-04 00:00:00",639,-169
"2022-12-05 00:00:00",486,-112
"2022-12-06 00:00:00",,
"2022-12-07 00:00:00",,
"2022-12-08 00:00:00",931,-263
"2022-12-09 00:00:00",549,-121
"2022-12-10 00:00:00",462,-147
"2022-12-11 00:00:00",534,-111
"2022-12-12 00:00:00",445,-161
"2022-12-13 00:00:00",417,-109
"2022-12-14 00:00:00",471,-140
"2022-12-15 00:00:00",449,-148
"2022-12-16 00:00:00",533,-176
"2022-12-17 00:00:00",619,-179
"2022-12-18 00:00:00",,
"2022-12-19 00:00:00",376,-122
"2022-12-20 00:00:00",337,-121
"2022-12-21 00:00:00",535,-123
"2022-12-22 00:00:00",384,-128
"2022-12-23 00:00:00",573,-131
"2022-12-24 00:00:00",692,-180
"2022-12-25 00:00:00",677,-178
"2022-12-26 00:00:00",,
"2022-12-27 00:00:00",520,-191
"2022-12-28 00:00:00",568,-158
"2022-12-29 00:00:00",523,-134
"2022-12-30 00:00:00",562,-173
"2022-12-31 00:00:00",584,-181
"2023-01-01 00:00:00",,
"2023-01-02 00:00:00",,
"2023-01-03 00:00:00",1130,-349
"2023-01-04 00:00:00",548,-137
"2023-01-05 00:00:00",564,-146
"2023-01-06 00:00:00",709,-194
"2023-01-07 00:00:00",578,-207
"2023-01-08 00:00:00",684,-226
"2023-01-09 00:00:00",512,-187
"2023-01-10 00:00:00",654,-236
"2023-01-11 00:00:00",,
"2023-01-12 00:00:00",524,-152
"2023-01-13 00:00:00",579,-170
"2023-01-14 00:00:00",531,-225
"2023-01-15 00:00:00",503,-159
"2023-01-16 00:00:00",422,-142
"2023-01-17 00:00:00",463,-127
"2023-01-18 00:00:00",379,-104
"2023-01-19 00:00:00",495,-124
"2023-01-20 00:00:00",446,-144
"2023-01-21 00:00:00",429,-135
"2023-01-22 00:00:00",461,-176
"2023-01-23 00:00:00",,
"2023-01-24 00:00:00",416,-111
"2023-01-25 00:00:00",431,-125
"2023-01-26 00:00:00",,
"2023-01-27 00:00:00",1168,-254
"2023-01-28 00:00:00",524,-174
"2023-01-29 00:00:00",511,-183
"2023-01-30 00:00:00",398,-145
"2023-01-31 00:00:00",364,-102
"2023-02-01 00:00:00",,
"2023-02-02 00:00:00",,
"2023-02-03 00:00:00",1029,-373
"2023-02-04 00:00:00",449,-151
"2023-02-05 00:00:00",468,-133
"2023-02-06 00:00:00",416,-151
"2023-02-07 00:00:00",428,-156
"2023-02-08 00:00:00",498,-164
"2023-02-09 00:00:00",491,-137
"2023-02-10 00:00:00",,
"2023-02-11 00:00:00",452,-144
"2023-02-12 00:00:00",541,-164
"2023-02-13 00:00:00",439,-141
"2023-02-14 00:00:00",420,-124
"2023-02-15 00:00:00",350,-130
"2023-02-16 00:00:00",374,-172
"2023-02-17 00:00:00",,
"2023-02-18 00:00:00",307,-136
"2023-02-19 00:00:00",396,-161
"2023-02-20 00:00:00",597,-254
"2023-02-21 00:00:00",,
"2023-02-22 00:00:00",416,-145
"2023-02-23 00:00:00",415,-171
"2023-02-24 00:00:00",506,-198
"2023-02-25 00:00:00",468,-203
"2023-02-26 00:00:00",464,-121
"2023-02-27 00:00:00",404,-127
"2023-02-28 00:00:00",408,-157
"2023-03-01 00:00:00",,
"2023-03-02 00:00:00",354,-114
"2023-03-03 00:00:00",402,-78
"2023-03-04 00:00:00",309,-131
"2023-03-05 00:00:00",521,-146
"2023-03-06 00:00:00",505,-163
"2023-03-07 00:00:00",993,-580
"2023-03-08 00:00:00",786,-402
"2023-03-09 00:00:00",475,-184
"2023-03-10 00:00:00",,
"2023-03-11 00:00:00",680,-276
"2023-03-12 00:00:00",512,-254
"2023-03-13 00:00:00",509,-157
"2023-03-14 00:00:00",512,-186
"2023-03-15 00:00:00",434,-212
"2023-03-16 00:00:00",471,-243
"2023-03-17 00:00:00",444,-125
"2023-03-18 00:00:00",,
"2023-03-19 00:00:00",522,-171
"2023-03-20 00:00:00",377,-114
"2023-03-21 00:00:00",417,-120
"2023-03-22 00:00:00",588,-198
"2023-03-23 00:00:00",490,-145
"2023-03-24 00:00:00",,
"2023-03-25 00:00:00",704,-156
"2023-03-26 00:00:00",486,-161
"2023-03-27 00:00:00",483,-147
"2023-03-28 00:00:00",485,-145
"2023-03-29 00:00:00",533,-224
"2023-03-30 00:00:00",,
"2023-03-31 00:00:00",469,-147
"2023-04-01 00:00:00",418,-161
"2023-04-02 00:00:00",638,-112
"2023-04-03 00:00:00",462,-168
"2023-04-04 00:00:00",497,-181
"2023-04-05 00:00:00",,
"2023-04-06 00:00:00",404,-87
"2023-04-07 00:00:00",383,-131
"2023-04-08 00:00:00",469,-161
"2023-04-09 00:00:00",463,-151
"2023-04-10 00:00:00",416,-100
"2023-04-11 00:00:00",,
"2023-04-12 00:00:00",405,-97
"2023-04-13 00:00:00",1093,-145
"2023-04-14 00:00:00",361,-99
"2023-04-15 00:00:00",426,-146
"2023-04-16 00:00:00",403,-122
"2023-04-17 00:00:00",380,-112
"2023-04-18 00:00:00",,
"2023-04-19 00:00:00",296,-67
"2023-04-20 00:00:00",301,-78
"2023-04-21 00:00:00",887,-412
"2023-04-22 00:00:00",938,-1162
"2023-04-23 00:00:00",648,-647
"2023-04-24 00:00:00",486,-417
"2023-04-25 00:00:00",,
"2023-04-26 00:00:00",597,-326
"2023-04-27 00:00:00",435,-200
"2023-04-28 00:00:00",482,-174
"2023-04-29 00:00:00",468,-202
"2023-04-30 00:00:00",449,-236
"2023-05-01 00:00:00",,
"2023-05-02 00:00:00",446,-170
"2023-05-03 00:00:00",431,-128
"2023-05-04 00:00:00",428,-122
"2023-05-05 00:00:00",353,-138
"2023-05-06 00:00:00",413,-152
"2023-05-07 00:00:00",456,-151
"2023-05-08 00:00:00",,
"2023-05-09 00:00:00",387,-126
"2023-05-10 00:00:00",387,-136
"2023-05-11 00:00:00",411,-142
"2023-05-12 00:00:00",392,-169
"2023-05-13 00:00:00",427,-168
"2023-05-14 00:00:00",,
"2023-05-15 00:00:00",454,-205
"2023-05-16 00:00:00",361,-129
"2023-05-17 00:00:00",420,-151
"2023-05-18 00:00:00",520,-141
"2023-05-19 00:00:00",706,-162
"2023-05-20 00:00:00",,
"2023-05-21 00:00:00",439,-139
"2023-05-22 00:00:00",378,-93
"2023-05-23 00:00:00",386,-101
"2023-05-24 00:00:00",471,-147
"2023-05-25 00:00:00",459,-150
"2023-05-26 00:00:00",,
"2023-05-27 00:00:00",,
"2023-05-28 00:00:00",831,-280
"2023-05-29 00:00:00",390,-121
"2023-05-30 00:00:00",399,-117
"2023-05-31 00:00:00",462,-122
"2023-06-01 00:00:00",,
"2023-06-02 00:00:00",367,-111
"2023-06-03 00:00:00",359,-125
"2023-06-04 00:00:00",501,-110
"2023-06-05 00:00:00",383,-115
"2023-06-06 00:00:00",357,-117
"2023-06-07 00:00:00",,
"2023-06-08 00:00:00",332,-117
"2023-06-09 00:00:00",482,-113
"2023-06-10 00:00:00",401,-111
"2023-06-11 00:00:00",381,-137
"2023-06-12 00:00:00",351,-140
"2023-06-13 00:00:00",,
"2023-06-14 00:00:00",399,-105
"2023-06-15 00:00:00",362,-125
"2023-06-16 00:00:00",481,-131
"2023-06-17 00:00:00",554,-166
"2023-06-18 00:00:00",412,-153
"2023-06-19 00:00:00",,
"2023-06-20 00:00:00",382,-129
"2023-06-21 00:00:00",398,-124
"2023-06-22 00:00:00",399,-152
"2023-06-23 00:00:00",561,-174
"2023-06-24 00:00:00",,
"2023-06-25 00:00:00",499,-151
"2023-06-26 00:00:00",428,-142
"2023-06-27 00:00:00",553,-164
"2023-06-28 00:00:00",517,-176
"2023-06-29 00:00:00",,
"2023-06-30 00:00:00",460,-125
"2023-07-01 00:00:00",563,-136
"2023-07-02 00:00:00",574,-169
"2023-07-03 00:00:00",,
"2023-07-04 00:00:00",701,-131
"2023-07-05 00:00:00",509,-117
"2023-07-06 00:00:00",546,-167
"2023-07-07 00:00:00",,
"2023-07-08 00:00:00",505,-175
"2023-07-09 00:00:00",457,-147
"2023-07-10 00:00:00",581,-129
"2023-07-11 00:00:00",,
"2023-07-12 00:00:00",571,-156
"2023-07-13 00:00:00",595,-220
"2023-07-14 00:00:00",630,-180
"2023-07-15 00:00:00",,
"2023-07-16 00:00:00",424,-145
"2023-07-17 00:00:00",,
"2023-07-18 00:00:00",993,-357
"2023-07-19 00:00:00",,
"2023-07-20 00:00:00",499,-172
"2023-07-21 00:00:00",494,-134
"2023-07-22 00:00:00",454,-150
"2023-07-23 00:00:00",,
"2023-07-24 00:00:00",478,-137
"2023-07-25 00:00:00",465,-130
"2023-07-26 00:00:00",,
"2023-07-27 00:00:00",1026,-318
"2023-07-28 00:00:00",,
"2023-07-29 00:00:00",455,-114
"2023-07-30 00:00:00",525,-164
"2023-07-31 00:00:00",479,-140
"2023-08-01 00:00:00",,
"2023-08-02 00:00:00",512,-200
"2023-08-03 00:00:00",597,-143
"2023-08-04 00:00:00",498,-173
"2023-08-05 00:00:00",,
"2023-08-06 00:00:00",530,-179
"2023-08-07 00:00:00",423,-96
"2023-08-08 00:00:00",511,-174
"2023-08-09 00:00:00",670,-217
"2023-08-10 00:00:00",,
"2023-08-11 00:00:00",562,-196
"2023-08-12 00:00:00",647,-177
"2023-08-13 00:00:00",716,-236
"2023-08-14 00:00:00",,
"2023-08-15 00:00:00",1013,-190
"2023-08-16 00:00:00",759,-225
"2023-08-17 00:00:00",653,-196
"2023-08-18 00:00:00",,
"2023-08-19 00:00:00",780,-235
"2023-08-20 00:00:00",685,-192
"2023-08-21 00:00:00",724,-270
"2023-08-22 00:00:00",,
"2023-08-23 00:00:00",669,-205
"2023-08-24 00:00:00",596,-175
"2023-08-25 00:00:00",747,-203
"2023-08-26 00:00:00",,
"2023-08-27 00:00:00",699,-270
"2023-08-28 00:00:00",635,-206
"2023-08-29 00:00:00",713,-234
"2023-08-30 00:00:00",,
"2023-08-31 00:00:00",716,-280
"2023-09-01 00:00:00",1104,-444
"2023-09-02 00:00:00",1067,-400
"2023-09-03 00:00:00",,
"2023-09-04 00:00:00",710,-292
"2023-09-05 00:00:00",561,-171
"2023-09-06 00:00:00",765,-270
"2023-09-07 00:00:00",739,-280
"2023-09-08 00:00:00",,
"2023-09-09 00:00:00",689,-145
"2023-09-10 00:00:00",765,-241
"2023-09-11 00:00:00",731,-298
"2023-09-12 00:00:00",,
"2023-09-13 00:00:00",588,-194
"2023-09-14 00:00:00",657,-135
"2023-09-15 00:00:00",817,-256
"2023-09-16 00:00:00",,
"2023-09-17 00:00:00",765,-219
"2023-09-18 00:00:00",604,-173
"2023-09-19 00:00:00",675,-181
"2023-09-20 00:00:00",,
"2023-09-21 00:00:00",663,-196
"2023-09-22 00:00:00",503,-147
"2023-09-23 00:00:00",639,-247
"2023-09-24 00:00:00",,
"2023-09-25 00:00:00",543,-173
"2023-09-26 00:00:00",406,-150
"2023-09-27 00:00:00",1245,-372
"2023-09-28 00:00:00",,
"2023-09-29 00:00:00",426,-1433
"2023-09-30 00:00:00",595,-296
"2023-10-01 00:00:00",736,-265
"2023-10-02 00:00:00",,
"2023-10-03 00:00:00",478,-134
"2023-10-04 00:00:00",676,-199
"2023-10-05 00:00:00",769,-276
"2023-10-06 00:00:00",,
"2023-10-07 00:00:00",633,-280
"2023-10-08 00:00:00",700,-209
"2023-10-09 00:00:00",694,-270
"2023-10-10 00:00:00",,
"2023-10-11 00:00:00",617,-209
"2023-10-12 00:00:00",559,-160
"2023-10-13 00:00:00",636,-210
"2023-10-14 00:00:00",,
"2023-10-15 00:00:00",3558,-320
"2023-10-16 00:00:00",637,-358
"2023-10-17 00:00:00",,
"2023-10-18 00:00:00",578,-146
"2023-10-19 00:00:00",469,-162
"2023-10-20 00:00:00",817,-203
"2023-10-21 00:00:00",,
"2023-10-22 00:00:00",637,-189
"2023-10-23 00:00:00",535,-146
"2023-10-24 00:00:00",521,-158
"2023-10-25 00:00:00",,
"2023-10-26 00:00:00",501,-150
"2023-10-27 00:00:00",445,-144
"2023-10-28 00:00:00",685,-208
"2023-10-29 00:00:00",685,-235
"2023-10-30 00:00:00",,
"2023-10-31 00:00:00",570,-140
"2023-11-01 00:00:00",575,-168
"2023-11-02 00:00:00",699,-235
"2023-11-03 00:00:00",,
"2023-11-04 00:00:00",563,-221
"2023-11-05 00:00:00",666,-265
"2023-11-06 00:00:00",,
"2023-11-07 00:00:00",523,-173
"2023-11-08 00:00:00",494,-185
"2023-11-09 00:00:00",665,-232
"2023-11-10 00:00:00",,
"2023-11-11 00:00:00",609,-183
"2023-11-12 00:00:00",768,-299
"2023-11-13 00:00:00",,
"2023-11-14 00:00:00",1844,-129
"2023-11-15 00:00:00",534,-154
"2023-11-16 00:00:00",,
"2023-11-17 00:00:00",1184,-164
"2023-11-18 00:00:00",726,-217
"2023-11-19 00:00:00",,
"2023-11-20 00:00:00",715,-207
"2023-11-21 00:00:00",1417,-697
"2023-11-22 00:00:00",,
"2023-11-23 00:00:00",9611,-1185
"2023-11-24 00:00:00",4939,-690
"2023-11-25 00:00:00",,
"2023-11-26 00:00:00",3059,-517
"2023-11-27 00:00:00",3074,-432
"2023-11-28 00:00:00",,
"2023-11-29 00:00:00",1575,-262
"2023-11-30 00:00:00",703,-219
"2023-12-01 00:00:00",,
"2023-12-02 00:00:00",662,-148
"2023-12-03 00:00:00",670,-256
"2023-12-04 00:00:00",,
"2023-12-05 00:00:00",542,-157
"2023-12-06 00:00:00",533,-160
"2023-12-07 00:00:00",,
"2023-12-08 00:00:00",598,-202
"2023-12-09 00:00:00",740,-273
"2023-12-10 00:00:00",,
"2023-12-11 00:00:00",578,-192
"2023-12-12 00:00:00",641,-188
"2023-12-13 00:00:00",,
"2023-12-14 00:00:00",442,-121
"2023-12-15 00:00:00",869,-421
"2023-12-16 00:00:00",,
"2023-12-17 00:00:00",823,-324
"2023-12-18 00:00:00",858,-305
"2023-12-19 00:00:00",,
"2023-12-20 00:00:00",641,-225
"2023-12-21 00:00:00",778,-197
"2023-12-22 00:00:00",,
"2023-12-23 00:00:00",817,-216
"2023-12-24 00:00:00",945,-278
"2023-12-25 00:00:00",,
"2023-12-26 00:00:00",557,-166
"2023-12-27 00:00:00",781,-245
"2023-12-28 00:00:00",,
"2023-12-29 00:00:00",640,-213
"2023-12-30 00:00:00",,
"2023-12-31 00:00:00",845,-293
"2024-01-01 00:00:00",715,-215
"2024-01-02 00:00:00",,
"2024-01-03 00:00:00",702,-232
"2024-01-04 00:00:00",1276,-267
"2024-01-05 00:00:00",,
"2024-01-06 00:00:00",655,-226
"2024-01-07 00:00:00",734,-331
"2024-01-08 00:00:00",,
"2024-01-09 00:00:00",539,-233
"2024-01-10 00:00:00",668,-211
"2024-01-11 00:00:00",,
"2024-01-12 00:00:00",634,-211
"2024-01-13 00:00:00",754,-242
"2024-01-14 00:00:00",,
"2024-01-15 00:00:00",820,-297
"2024-01-16 00:00:00",832,-272
"2024-01-17 00:00:00",,
"2024-01-18 00:00:00",719,-225
"2024-01-19 00:00:00",723,-278
"2024-01-20 00:00:00",,
"2024-01-21 00:00:00",735,-259
"2024-01-22 00:00:00",,
"2024-01-23 00:00:00",821,-221
"2024-01-24 00:00:00",570,-172
"2024-01-25 00:00:00",,
"2024-01-26 00:00:00",567,-197
"2024-01-27 00:00:00",639,-162
"2024-01-28 00:00:00",,
"2024-01-29 00:00:00",918,-224
"2024-01-30 00:00:00",,
"2024-01-31 00:00:00",543,-160
"2024-02-01 00:00:00",631,-162
"2024-02-02 00:00:00",,
"2024-02-03 00:00:00",656,-256
"2024-02-04 00:00:00",712,-235
"2024-02-05 00:00:00",,
"2024-02-06 00:00:00",653,-230
"2024-02-07 00:00:00",653,-156
"2024-02-08 00:00:00",,
"2024-02-09 00:00:00",591,-304
"2024-02-10 00:00:00",1324,-821
"2024-02-11 00:00:00",,
"2024-02-12 00:00:00",1165,-360
"2024-02-13 00:00:00",,
"2024-02-14 00:00:00",879,-379
"2024-02-15 00:00:00",,
"2024-02-16 00:00:00",710,-242
"2024-02-17 00:00:00",872,-328
"2024-02-18 00:00:00",,
"2024-02-19 00:00:00",1169,-208
"2024-02-20 00:00:00",,
"2024-02-21 00:00:00",645,-244
"2024-02-22 00:00:00",674,-198
"2024-02-23 00:00:00",,
"2024-02-24 00:00:00",844,-358
"2024-02-25 00:00:00",,
"2024-02-26 00:00:00",912,-273
"2024-02-27 00:00:00",544,-212
"2024-02-28 00:00:00",,
"2024-02-29 00:00:00",578,-170
"2024-03-01 00:00:00",2366,-220
"2024-03-02 00:00:00",,
"2024-03-03 00:00:00",1340,-391
"2024-03-04 00:00:00",,
"2024-03-05 00:00:00",1968,-262
"2024-03-06 00:00:00",,
"2024-03-07 00:00:00",761,-227
"2024-03-08 00:00:00",,
"2024-03-09 00:00:00",1320,-413
"2024-03-10 00:00:00",,
"2024-03-11 00:00:00",914,-289
"2024-03-12 00:00:00",,
"2024-03-13 00:00:00",612,-191
"2024-03-14 00:00:00",694,-203
"2024-03-15 00:00:00",,
"2024-03-16 00:00:00",652,-248
"2024-03-17 00:00:00",,
"2024-03-18 00:00:00",1984,-238
"2024-03-19 00:00:00",1361,-183
"2024-03-20 00:00:00",,
"2024-03-21 00:00:00",2029,-162
"2024-03-22 00:00:00",718,-308
"2024-03-23 00:00:00",,
"2024-03-24 00:00:00",981,-186
"2024-03-25 00:00:00",,
"2024-03-26 00:00:00",757,-209
"2024-03-27 00:00:00",748,-232
"2024-03-28 00:00:00",,
"2024-03-29 00:00:00",851,-301
"2024-03-30 00:00:00",688,-218
"2024-03-31 00:00:00",,
"2024-04-01 00:00:00",699,-274
"2024-04-02 00:00:00",608,-218
"2024-04-03 00:00:00",172,-75
"2024-04-04 00:00:00",,
"2024-04-05 00:00:00",1002,-231
"2024-04-06 00:00:00",,
"2024-04-07 00:00:00",791,-277
"2024-04-08 00:00:00",344,-135
"2024-04-09 00:00:00",1017,-142
"2024-04-10 00:00:00",449,-120
"2024-04-11 00:00:00",371,-104
"2024-04-12 00:00:00",813,-100
"2024-04-13 00:00:00",477,-116
"2024-04-14 00:00:00",385,-162
"2024-04-15 00:00:00",285,-136
"2024-04-16 00:00:00",357,-117
"2024-04-17 00:00:00",395,-107
"2024-04-18 00:00:00",714,-222
"2024-04-19 00:00:00",712,-361
"2024-04-20 00:00:00",631,-118
"2024-04-21 00:00:00",589,-324
"2024-04-22 00:00:00",294,-124
"2024-04-23 00:00:00",674,-294
"2024-04-24 00:00:00",220,-47
"2024-04-25 00:00:00",901,-373
"2024-04-26 00:00:00",172,-26
"2024-04-27 00:00:00",450,-165
"2024-04-28 00:00:00",402,-129
"2024-04-29 00:00:00",529,-113
"2024-04-30 00:00:00",606,-213
"2024-05-01 00:00:00",752,-350
"2024-05-02 00:00:00",359,-75
"2024-05-03 00:00:00",470,-182
"2024-05-04 00:00:00",193,-48
"2024-05-05 00:00:00",413,-122
"2024-05-06 00:00:00",709,-197
"2024-05-07 00:00:00",532,-137
"2024-05-08 00:00:00",217,-84
"2024-05-09 00:00:00",527,-159
"2024-05-10 00:00:00",457,-136
"2024-05-11 00:00:00",623,-181
"2024-05-12 00:00:00",461,-168
"2024-05-13 00:00:00",400,-180
"2024-05-14 00:00:00",371,-139
"2024-05-15 00:00:00",737,-240
"2024-05-16 00:00:00",177,-64
"2024-05-17 00:00:00",396,-132
"2024-05-18 00:00:00",370,-142
"2024-05-19 00:00:00",422,-146
"2024-05-20 00:00:00",396,-127
"2024-05-21 00:00:00",303,-138
"2024-05-22 00:00:00",674,-112
"2024-05-23 00:00:00",1175,-892
"2024-05-24 00:00:00",651,-512
"2024-05-25 00:00:00",173,-102
"2024-05-26 00:00:00",429,-261
"2024-05-27 00:00:00",452,-257
"2024-05-28 00:00:00",439,-201
"2024-05-29 00:00:00",443,-218
"2024-05-30 00:00:00",889,-324
"2024-05-31 00:00:00",414,-156
"2024-06-01 00:00:00",312,-126
"2024-06-02 00:00:00",451,-159
"2024-06-03 00:00:00",424,-162
"2024-06-04 00:00:00",435,-149
"2024-06-05 00:00:00",489,-218
"2024-06-06 00:00:00",953,-310
"2024-06-07 00:00:00",193,-42
"2024-06-08 00:00:00",470,-157
"2024-06-09 00:00:00",419,-157
"2024-06-10 00:00:00",735,-160
"2024-06-11 00:00:00",413,-142
"2024-06-12 00:00:00",289,-179
"2024-06-13 00:00:00",204,-163
"2024-06-14 00:00:00",489,-215
"2024-06-15 00:00:00",1463,-184
"2024-06-16 00:00:00",392,-155
"2024-06-17 00:00:00",376,-150
"2024-06-18 00:00:00",379,-144
"2024-06-19 00:00:00",402,-162
"2024-06-20 00:00:00",321,-145
"2024-06-21 00:00:00",464,-112
"2024-06-22 00:00:00",335,-88
"2024-06-23 00:00:00",335,-147
"2024-06-24 00:00:00",1096,-203
"2024-06-25 00:00:00",454,-217
"2024-06-26 00:00:00",,-59